Campaign,Ad Group,Keyword,Match Type,Status
ABK | Search | EN | B2B Wholesale & Dealers,EN Wholesale Car Care Supply,car care products supplier qatar,Phrase,Enabled
ABK | Search | EN | B2B Wholesale & Dealers,EN Wholesale Car Care Supply,car care products distributor qatar,Phrase,Enabled
ABK | Search | EN | B2B Wholesale & Dealers,EN Wholesale Car Care Supply,car care products wholesale qatar,Phrase,Enabled
ABK | Search | EN | B2B Wholesale & Dealers,EN Wholesale Car Care Supply,detailing products wholesale qatar,Phrase,Enabled
ABK | Search | EN | B2B Wholesale & Dealers,EN Wholesale Car Care Supply,detailing supplies supplier doha,Phrase,Enabled
ABK | Search | EN | B2B Wholesale & Dealers,EN Wholesale Car Care Supply,car detailing chemicals supplier qatar,Phrase,Enabled
ABK | Search | EN | B2B Wholesale & Dealers,EN Wholesale Car Care Supply,detailing chemicals distributor gcc,Phrase,Enabled
ABK | Search | EN | B2B Wholesale & Dealers,EN Wholesale Car Care Supply,bulk detailing chemicals gcc,Phrase,Enabled
ABK | Search | EN | B2B Wholesale & Dealers,EN Wholesale Car Care Supply,auto detailing supplies wholesale,Phrase,Enabled
ABK | Search | EN | B2B Wholesale & Dealers,EN Wholesale Car Care Supply,car care products importer qatar,Phrase,Enabled
ABK | Search | EN | B2B Wholesale & Dealers,EN Wholesale Car Care Supply,car care wholesale gcc,Phrase,Enabled
ABK | Search | EN | B2B Wholesale & Dealers,EN Wholesale Car Care Supply,wholesale car care doha,Phrase,Enabled
ABK | Search | EN | B2B Wholesale & Dealers,EN Wholesale Car Care Supply,trade account car care qatar,Phrase,Enabled
ABK | Search | EN | B2B Wholesale & Dealers,EN Wholesale Car Care Supply,trade pricing detailing products,Phrase,Enabled
ABK | Search | EN | B2B Wholesale & Dealers,EN Wholesale Car Care Supply,detailing shop supplies qatar,Phrase,Enabled
ABK | Search | EN | B2B Wholesale & Dealers,EN Wholesale Car Care Supply,body shop supplies doha,Phrase,Enabled
ABK | Search | EN | B2B Wholesale & Dealers,EN Wholesale Car Care Supply,car care products supplier uae,Phrase,Enabled
ABK | Search | EN | B2B Wholesale & Dealers,EN Wholesale Car Care Supply,car care products supplier saudi arabia,Phrase,Enabled
ABK | Search | EN | B2B Wholesale & Dealers,EN Wholesale Car Care Supply,car care supplier kuwait,Phrase,Enabled
ABK | Search | EN | B2B Wholesale & Dealers,EN Wholesale Car Care Supply,car care supplier bahrain,Phrase,Enabled
ABK | Search | EN | B2B Wholesale & Dealers,EN Wholesale Car Care Supply,car care supplier oman,Phrase,Enabled
ABK | Search | EN | B2B Wholesale & Dealers,EN Wholesale Car Care Supply,car care products supplier qatar,Exact,Enabled
ABK | Search | EN | B2B Wholesale & Dealers,EN Wholesale Car Care Supply,car care wholesale qatar,Exact,Enabled
ABK | Search | EN | B2B Wholesale & Dealers,EN Become a Dealer - Distributor,become a dealer car care,Phrase,Enabled
ABK | Search | EN | B2B Wholesale & Dealers,EN Become a Dealer - Distributor,become a distributor car care,Phrase,Enabled
ABK | Search | EN | B2B Wholesale & Dealers,EN Become a Dealer - Distributor,car care distributor opportunity,Phrase,Enabled
ABK | Search | EN | B2B Wholesale & Dealers,EN Become a Dealer - Distributor,car care distributorship gcc,Phrase,Enabled
ABK | Search | EN | B2B Wholesale & Dealers,EN Become a Dealer - Distributor,reseller car care products qatar,Phrase,Enabled
ABK | Search | EN | B2B Wholesale & Dealers,EN Become a Dealer - Distributor,detailing brand distributor qatar,Phrase,Enabled
ABK | Search | EN | B2B Wholesale & Dealers,EN Become a Dealer - Distributor,open a trade account car care,Phrase,Enabled
ABK | Search | EN | B2B Wholesale & Dealers,EN Become a Dealer - Distributor,ppf dealer program,Phrase,Enabled
ABK | Search | EN | B2B Wholesale & Dealers,EN Become a Dealer - Distributor,ppf distributor gcc,Phrase,Enabled
ABK | Search | EN | B2B Wholesale & Dealers,EN Become a Dealer - Distributor,paint protection film distributor qatar,Phrase,Enabled
ABK | Search | EN | B2B Wholesale & Dealers,EN Become a Dealer - Distributor,ceramic coating distributor program,Phrase,Enabled
ABK | Search | EN | B2B Wholesale & Dealers,EN Become a Dealer - Distributor,ceramic coating dealer middle east,Phrase,Enabled
ABK | Search | EN | B2B Wholesale & Dealers,EN Become a Dealer - Distributor,window film distributor gcc,Phrase,Enabled
ABK | Search | EN | B2B Wholesale & Dealers,EN Become a Dealer - Distributor,autotriz distributor,Phrase,Enabled
ABK | Search | EN | B2B Wholesale & Dealers,EN Become a Dealer - Distributor,autotriz dealer middle east,Phrase,Enabled
ABK | Search | EN | B2B Wholesale & Dealers,EN Become a Dealer - Distributor,vertek ppf distributor,Phrase,Enabled
ABK | Search | EN | B2B Wholesale & Dealers,EN Become a Dealer - Distributor,vtek ppf distributor,Phrase,Enabled
ABK | Search | EN | B2B Wholesale & Dealers,EN Become a Dealer - Distributor,car care brand looking for distributors,Phrase,Enabled
ABK | Search | EN | B2B Wholesale & Dealers,EN Become a Dealer - Distributor,become a dealer car care qatar,Exact,Enabled
ABK | Search | EN | B2B Wholesale & Dealers,EN Become a Dealer - Distributor,car care distributor qatar,Exact,Enabled
ABK | Search | EN | B2B Wholesale & Dealers,EN Bulk Car Shampoo - Wash Chemicals,bulk car shampoo qatar,Phrase,Enabled
ABK | Search | EN | B2B Wholesale & Dealers,EN Bulk Car Shampoo - Wash Chemicals,car shampoo 20 litre supplier,Phrase,Enabled
ABK | Search | EN | B2B Wholesale & Dealers,EN Bulk Car Shampoo - Wash Chemicals,car shampoo 20l wholesale,Phrase,Enabled
ABK | Search | EN | B2B Wholesale & Dealers,EN Bulk Car Shampoo - Wash Chemicals,car wash shampoo supplier qatar,Phrase,Enabled
ABK | Search | EN | B2B Wholesale & Dealers,EN Bulk Car Shampoo - Wash Chemicals,car wash chemicals supplier qatar,Phrase,Enabled
ABK | Search | EN | B2B Wholesale & Dealers,EN Bulk Car Shampoo - Wash Chemicals,car wash chemicals wholesale gcc,Phrase,Enabled
ABK | Search | EN | B2B Wholesale & Dealers,EN Bulk Car Shampoo - Wash Chemicals,car wash soap wholesale qatar,Phrase,Enabled
ABK | Search | EN | B2B Wholesale & Dealers,EN Bulk Car Shampoo - Wash Chemicals,snow foam shampoo bulk supplier,Phrase,Enabled
ABK | Search | EN | B2B Wholesale & Dealers,EN Bulk Car Shampoo - Wash Chemicals,concentrated car shampoo supplier,Phrase,Enabled
ABK | Search | EN | B2B Wholesale & Dealers,EN Bulk Car Shampoo - Wash Chemicals,wash and wax concentrate 20l,Phrase,Enabled
ABK | Search | EN | B2B Wholesale & Dealers,EN Bulk Car Shampoo - Wash Chemicals,car shampoo drum supplier,Phrase,Enabled
ABK | Search | EN | B2B Wholesale & Dealers,EN Bulk Car Shampoo - Wash Chemicals,supplies for car wash business,Phrase,Enabled
ABK | Search | EN | B2B Wholesale & Dealers,EN Bulk Car Shampoo - Wash Chemicals,car wash startup supplies qatar,Phrase,Enabled
ABK | Search | EN | B2B Wholesale & Dealers,EN Bulk Car Shampoo - Wash Chemicals,ph neutral car shampoo supplier,Phrase,Enabled
ABK | Search | EN | B2B Wholesale & Dealers,EN Bulk Car Shampoo - Wash Chemicals,briller wash and wax,Phrase,Enabled
ABK | Search | EN | B2B Wholesale & Dealers,EN Bulk Car Shampoo - Wash Chemicals,car shampoo supplier uae,Phrase,Enabled
ABK | Search | EN | B2B Wholesale & Dealers,EN Bulk Car Shampoo - Wash Chemicals,car shampoo supplier saudi arabia,Phrase,Enabled
ABK | Search | EN | B2B Wholesale & Dealers,EN Bulk Car Shampoo - Wash Chemicals,bulk car shampoo doha,Exact,Enabled
ABK | Search | EN | B2B Wholesale & Dealers,EN Bulk Car Shampoo - Wash Chemicals,car wash chemicals supplier qatar,Exact,Enabled
ABK | Search | EN | B2B Wholesale & Dealers,EN PPF Film Rolls - Trade,ppf roll supplier qatar,Phrase,Enabled
ABK | Search | EN | B2B Wholesale & Dealers,EN PPF Film Rolls - Trade,paint protection film supplier qatar,Phrase,Enabled
ABK | Search | EN | B2B Wholesale & Dealers,EN PPF Film Rolls - Trade,paint protection film wholesale,Phrase,Enabled
ABK | Search | EN | B2B Wholesale & Dealers,EN PPF Film Rolls - Trade,ppf film wholesale gcc,Phrase,Enabled
ABK | Search | EN | B2B Wholesale & Dealers,EN PPF Film Rolls - Trade,ppf film supplier for installers,Phrase,Enabled
ABK | Search | EN | B2B Wholesale & Dealers,EN PPF Film Rolls - Trade,ppf supplier for detailers,Phrase,Enabled
ABK | Search | EN | B2B Wholesale & Dealers,EN PPF Film Rolls - Trade,buy ppf roll qatar,Phrase,Enabled
ABK | Search | EN | B2B Wholesale & Dealers,EN PPF Film Rolls - Trade,buy ppf film roll,Phrase,Enabled
ABK | Search | EN | B2B Wholesale & Dealers,EN PPF Film Rolls - Trade,self healing ppf film supplier,Phrase,Enabled
ABK | Search | EN | B2B Wholesale & Dealers,EN PPF Film Rolls - Trade,matte ppf film supplier,Phrase,Enabled
ABK | Search | EN | B2B Wholesale & Dealers,EN PPF Film Rolls - Trade,gloss ppf film supplier,Phrase,Enabled
ABK | Search | EN | B2B Wholesale & Dealers,EN PPF Film Rolls - Trade,tpu ppf film supplier,Phrase,Enabled
ABK | Search | EN | B2B Wholesale & Dealers,EN PPF Film Rolls - Trade,polycarbonate ppf film supplier,Phrase,Enabled
ABK | Search | EN | B2B Wholesale & Dealers,EN PPF Film Rolls - Trade,10 year warranty ppf supplier,Phrase,Enabled
ABK | Search | EN | B2B Wholesale & Dealers,EN PPF Film Rolls - Trade,ppf film distributor uae,Phrase,Enabled
ABK | Search | EN | B2B Wholesale & Dealers,EN PPF Film Rolls - Trade,paint protection film supplier saudi,Phrase,Enabled
ABK | Search | EN | B2B Wholesale & Dealers,EN PPF Film Rolls - Trade,ppf film supplier kuwait,Phrase,Enabled
ABK | Search | EN | VTEK PPF & Window Film,VTEK Weather Armor ULTIMATE,vertek ppf,Phrase,Enabled
ABK | Search | EN | VTEK PPF & Window Film,VTEK Weather Armor ULTIMATE,vtek ppf,Phrase,Enabled
ABK | Search | EN | B2B Wholesale & Dealers,EN PPF Film Rolls - Trade,v-tek ppf,Phrase,Enabled
ABK | Search | EN | VTEK PPF & Window Film,VTEK Weather Armor ULTIMATE,vertek weather armor,Phrase,Enabled
ABK | Search | EN | B2B Wholesale & Dealers,EN PPF Film Rolls - Trade,vtek weather armor ultimate,Phrase,Enabled
ABK | Search | EN | VTEK PPF & Window Film,VTEK Weather Armor ULTIMATE,weather armor ppf,Phrase,Enabled
ABK | Search | EN | B2B Wholesale & Dealers,EN PPF Film Rolls - Trade,ppf supplier qatar,Exact,Enabled
ABK | Search | EN | B2B Wholesale & Dealers,EN PPF Film Rolls - Trade,paint protection film wholesale qatar,Exact,Enabled
ABK | Search | EN | B2B Wholesale & Dealers,EN Window Film Rolls - Trade,window film supplier qatar,Phrase,Enabled
ABK | Search | EN | B2B Wholesale & Dealers,EN Window Film Rolls - Trade,tint film roll supplier,Phrase,Enabled
ABK | Search | EN | B2B Wholesale & Dealers,EN Window Film Rolls - Trade,window tint film wholesale,Phrase,Enabled
ABK | Search | EN | B2B Wholesale & Dealers,EN Window Film Rolls - Trade,tint film wholesale doha,Phrase,Enabled
ABK | Search | EN | B2B Wholesale & Dealers,EN Window Film Rolls - Trade,car window film wholesale,Phrase,Enabled
ABK | Search | EN | B2B Wholesale & Dealers,EN Window Film Rolls - Trade,heat rejection window film supplier,Phrase,Enabled
ABK | Search | EN | B2B Wholesale & Dealers,EN Window Film Rolls - Trade,ir rejection window film supplier,Phrase,Enabled
ABK | Search | EN | B2B Wholesale & Dealers,EN Window Film Rolls - Trade,nano ceramic window film supplier,Phrase,Enabled
ABK | Search | EN | B2B Wholesale & Dealers,EN Window Film Rolls - Trade,ceramic tint film wholesale,Phrase,Enabled
ABK | Search | EN | B2B Wholesale & Dealers,EN Window Film Rolls - Trade,window film roll supplier gcc,Phrase,Enabled
ABK | Search | EN | B2B Wholesale & Dealers,EN Window Film Rolls - Trade,car window film supplier gcc,Phrase,Enabled
ABK | Search | EN | B2B Wholesale & Dealers,EN Window Film Rolls - Trade,buy tint film roll qatar,Phrase,Enabled
ABK | Search | EN | B2B Wholesale & Dealers,EN Window Film Rolls - Trade,window film for tint shops,Phrase,Enabled
ABK | Search | EN | B2B Wholesale & Dealers,EN Window Film Rolls - Trade,window film distributor uae,Phrase,Enabled
ABK | Search | EN | B2B Wholesale & Dealers,EN Window Film Rolls - Trade,window film supplier saudi arabia,Phrase,Enabled
ABK | Search | EN | B2B Wholesale & Dealers,EN Window Film Rolls - Trade,tint film supplier kuwait,Phrase,Enabled
ABK | Search | EN | B2B Wholesale & Dealers,EN Window Film Rolls - Trade,window film wholesale bahrain,Phrase,Enabled
ABK | Search | EN | B2B Wholesale & Dealers,EN Window Film Rolls - Trade,vertek window tints,Phrase,Enabled
ABK | Search | EN | VTEK PPF & Window Film,VTEK Solar Armor Window Film,vtek window tint,Phrase,Enabled
ABK | Search | EN | B2B Wholesale & Dealers,EN Window Film Rolls - Trade,vtek solar armor,Phrase,Enabled
ABK | Search | EN | B2B Wholesale & Dealers,EN Window Film Rolls - Trade,v-tek window film,Phrase,Enabled
ABK | Search | EN | B2B Wholesale & Dealers,EN Window Film Rolls - Trade,window film supplier qatar,Exact,Enabled
ABK | Search | EN | B2B Wholesale & Dealers,EN Window Film Rolls - Trade,tint film wholesale qatar,Exact,Enabled
ABK | Search | AR | B2B Wholesale & Dealers,AR Wholesale Car Care Supply,منتجات العناية بالسيارات بالجملة,Phrase,Enabled
ABK | Search | AR | Briller Wash Care Chemicals,AR Car Shampoo - Wash & Wax,مواد تنظيف السيارات بالجملة,Phrase,Enabled
ABK | Search | AR | Briller Wash Care Chemicals,AR Car Shampoo - Wash & Wax,مواد غسيل سيارات بالجملة,Phrase,Enabled
ABK | Search | AR | B2B Wholesale & Dealers,AR Wholesale Car Care Supply,مواد تلميع السيارات بالجملة,Phrase,Enabled
ABK | Search | AR | B2B Wholesale & Dealers,AR Wholesale Car Care Supply,مورد منتجات العناية بالسيارات,Phrase,Enabled
ABK | Search | AR | B2B Wholesale & Dealers,AR Wholesale Car Care Supply,موزع منتجات العناية بالسيارات,Phrase,Enabled
ABK | Search | AR | B2B Wholesale & Dealers,AR Wholesale Car Care Supply,مورد مواد تنظيف السيارات,Phrase,Enabled
ABK | Search | AR | B2B Wholesale & Dealers,AR Wholesale Car Care Supply,زينة سيارات بالجملة,Phrase,Enabled
ABK | Search | AR | Autotriz Compounds & Shampoo,AR - Rich Foam Shampoo,مستلزمات مغاسل السيارات,Phrase,Enabled
ABK | Search | AR | B2B Wholesale & Dealers,AR Wholesale Car Care Supply,مستلزمات محلات التلميع,Phrase,Enabled
ABK | Search | AR | B2B Wholesale & Dealers,AR Wholesale Car Care Supply,مورد مواد العناية بالسيارات قطر,Phrase,Enabled
ABK | Search | AR | B2B Wholesale & Dealers,AR Wholesale Car Care Supply,منتجات العناية بالسيارات جملة الدوحة,Phrase,Enabled
ABK | Search | AR | B2B Wholesale & Dealers,AR Wholesale Car Care Supply,شركة توريد مواد تنظيف السيارات,Phrase,Enabled
ABK | Search | AR | B2B Wholesale & Dealers,AR Wholesale Car Care Supply,تجارة الجملة لمواد السيارات,Phrase,Enabled
ABK | Search | AR | B2B Wholesale & Dealers,AR Wholesale Car Care Supply,مواد تنظيف سيارات بالجمله,Phrase,Enabled
ABK | Search | AR | B2B Wholesale & Dealers,AR Wholesale Car Care Supply,مستلزمات مغاسل السيارات الامارات,Phrase,Enabled
ABK | Search | AR | B2B Wholesale & Dealers,AR Wholesale Car Care Supply,مواد تنظيف السيارات بالجملة السعودية,Phrase,Enabled
ABK | Search | AR | B2B Wholesale & Dealers,AR Wholesale Car Care Supply,منتجات العناية بالسيارات بالجملة,Exact,Enabled
ABK | Search | AR | B2B Wholesale & Dealers,AR Wholesale Car Care Supply,مواد تنظيف السيارات بالجملة,Exact,Enabled
ABK | Search | AR | B2B Wholesale & Dealers,AR Become a Dealer - Distributor,موزع معتمد منتجات العناية بالسيارات,Phrase,Enabled
ABK | Search | AR | B2B Wholesale & Dealers,AR Become a Dealer - Distributor,فرصة توزيع منتجات العناية بالسيارات,Phrase,Enabled
ABK | Search | AR | B2B Wholesale & Dealers,AR Become a Dealer - Distributor,توزيع منتجات العناية بالسيارات,Phrase,Enabled
ABK | Search | AR | B2B Wholesale & Dealers,AR Become a Dealer - Distributor,مطلوب موزعين منتجات سيارات,Phrase,Enabled
ABK | Search | AR | B2B Wholesale & Dealers,AR Become a Dealer - Distributor,شراكة توزيع منتجات سيارات,Phrase,Enabled
ABK | Search | AR | B2B Wholesale & Dealers,AR Become a Dealer - Distributor,موزع فيلم حماية الطلاء,Phrase,Enabled
ABK | Search | AR | B2B Wholesale & Dealers,AR Become a Dealer - Distributor,موزع افلام حماية السيارات,Phrase,Enabled
ABK | Search | AR | B2B Wholesale & Dealers,AR Become a Dealer - Distributor,موزع طلاء سيراميك للسيارات,Phrase,Enabled
ABK | Search | AR | B2B Wholesale & Dealers,AR Become a Dealer - Distributor,موزع افلام تظليل,Phrase,Enabled
ABK | Search | AR | B2B Wholesale & Dealers,AR Become a Dealer - Distributor,حساب تجاري لمواد العناية بالسيارات,Phrase,Enabled
ABK | Search | AR | B2B Wholesale & Dealers,AR Become a Dealer - Distributor,اسعار الجملة لمواد تنظيف السيارات,Phrase,Enabled
ABK | Search | AR | B2B Wholesale & Dealers,AR Become a Dealer - Distributor,مورد لمحلات تلميع السيارات,Phrase,Enabled
ABK | Search | AR | B2B Wholesale & Dealers,AR Become a Dealer - Distributor,موزع منتجات تنظيف السيارات قطر,Phrase,Enabled
ABK | Search | AR | B2B Wholesale & Dealers,AR Become a Dealer - Distributor,موزع منتجات العناية بالسيارات الامارات,Phrase,Enabled
ABK | Search | AR | B2B Wholesale & Dealers,AR Become a Dealer - Distributor,موزع منتجات العناية بالسيارات السعودية,Phrase,Enabled
ABK | Search | AR | B2B Wholesale & Dealers,AR Become a Dealer - Distributor,موزع Autotriz,Phrase,Enabled
ABK | Search | AR | B2B Wholesale & Dealers,AR Become a Dealer - Distributor,موزع منتجات العناية بالسيارات,Exact,Enabled
ABK | Search | AR | B2B Wholesale & Dealers,AR Become a Dealer - Distributor,فرصة توزيع منتجات العناية بالسيارات,Exact,Enabled
ABK | Search | AR | B2B Wholesale & Dealers,AR Bulk Car Shampoo - Wash Chemicals,شامبو سيارات بالجملة,Phrase,Enabled
ABK | Search | AR | Autotriz Compounds & Shampoo,AR - Rich Foam Shampoo,شامبو سيارات 20 لتر,Phrase,Enabled
ABK | Search | AR | Briller Wash Care Chemicals,AR Car Shampoo - Wash & Wax,شامبو سيارات جالون,Phrase,Enabled
ABK | Search | AR | B2B Wholesale & Dealers,AR Bulk Car Shampoo - Wash Chemicals,شامبو غسيل السيارات بالجملة,Phrase,Enabled
ABK | Search | AR | B2B Wholesale & Dealers,AR Bulk Car Shampoo - Wash Chemicals,مورد شامبو سيارات,Phrase,Enabled
ABK | Search | AR | Autotriz Compounds & Shampoo,AR - Rich Foam Shampoo,شامبو سيارات مركز,Phrase,Enabled
ABK | Search | AR | B2B Wholesale & Dealers,AR Bulk Car Shampoo - Wash Chemicals,شامبو فوم بالجملة,Phrase,Enabled
ABK | Search | AR | B2B Wholesale & Dealers,AR Bulk Car Shampoo - Wash Chemicals,سنو فوم بالجملة,Phrase,Enabled
ABK | Search | AR | B2B Wholesale & Dealers,AR Bulk Car Shampoo - Wash Chemicals,رغوة غسيل السيارات بالجملة,Phrase,Enabled
ABK | Search | AR | B2B Wholesale & Dealers,AR Bulk Car Shampoo - Wash Chemicals,شامبو وشمع للسيارات,Phrase,Enabled
ABK | Search | AR | B2B Wholesale & Dealers,AR Bulk Car Shampoo - Wash Chemicals,مواد غسيل السيارات للمغاسل,Phrase,Enabled
ABK | Search | AR | B2B Wholesale & Dealers,AR Bulk Car Shampoo - Wash Chemicals,مستلزمات مغسلة سيارات,Phrase,Enabled
ABK | Search | AR | B2B Wholesale & Dealers,AR Bulk Car Shampoo - Wash Chemicals,تجهيز مغسلة سيارات,Phrase,Enabled
ABK | Search | AR | Briller Wash Care Chemicals,AR Car Shampoo - Wash & Wax,شامبو سيارات كرتون,Phrase,Enabled
ABK | Search | AR | B2B Wholesale & Dealers,AR Bulk Car Shampoo - Wash Chemicals,شامبو سيارات درام,Phrase,Enabled
ABK | Search | AR | B2B Wholesale & Dealers,AR Bulk Car Shampoo - Wash Chemicals,مورد شامبو سيارات قطر,Phrase,Enabled
ABK | Search | AR | B2B Wholesale & Dealers,AR Bulk Car Shampoo - Wash Chemicals,شامبو سيارات بالجمله,Phrase,Enabled
ABK | Search | AR | B2B Wholesale & Dealers,AR Bulk Car Shampoo - Wash Chemicals,شامبو سيارات بالجملة,Exact,Enabled
ABK | Search | AR | B2B Wholesale & Dealers,AR Bulk Car Shampoo - Wash Chemicals,مورد شامبو سيارات قطر,Exact,Enabled
ABK | Search | AR | VTEK PPF & Window Film,VTEK Weather Armor ULTIMATE - AR,رول فيلم حماية الطلاء,Phrase,Enabled
ABK | Search | AR | B2B Wholesale & Dealers,AR PPF Film Rolls - Trade,مورد فيلم حماية الطلاء,Phrase,Enabled
ABK | Search | AR | B2B Wholesale & Dealers,AR PPF Film Rolls - Trade,افلام حماية السيارات بالجملة,Phrase,Enabled
ABK | Search | AR | B2B Wholesale & Dealers,AR PPF Film Rolls - Trade,فيلم حماية الطلاء بالجملة,Phrase,Enabled
ABK | Search | AR | B2B Wholesale & Dealers,AR PPF Film Rolls - Trade,بيع رولات فيلم حماية,Phrase,Enabled
ABK | Search | AR | B2B Wholesale & Dealers,AR PPF Film Rolls - Trade,فيلم حماية طلاء للورش,Phrase,Enabled
ABK | Search | AR | B2B Wholesale & Dealers,AR PPF Film Rolls - Trade,رولات بي بي اف,Phrase,Enabled
ABK | Search | AR | B2B Wholesale & Dealers,AR PPF Film Rolls - Trade,مورد بي بي اف قطر,Phrase,Enabled
ABK | Search | AR | B2B Wholesale & Dealers,AR PPF Film Rolls - Trade,فيلم حماية طلاء مطفي بالجملة,Phrase,Enabled
ABK | Search | AR | VTEK PPF & Window Film,VTEK Weather Armor ULTIMATE - AR,افلام حمايه السيارات,Phrase,Enabled
ABK | Search | AR | B2B Wholesale & Dealers,AR PPF Film Rolls - Trade,تجارة افلام حماية السيارات,Phrase,Enabled
ABK | Search | AR | B2B Wholesale & Dealers,AR PPF Film Rolls - Trade,حماية طلاء ذاتية الاصلاح,Phrase,Enabled
ABK | Search | AR | B2B Wholesale & Dealers,AR PPF Film Rolls - Trade,فيلم حماية طلاء TPU,Phrase,Enabled
ABK | Search | AR | B2B Wholesale & Dealers,AR PPF Film Rolls - Trade,مورد فيلم حماية الطلاء الامارات,Phrase,Enabled
ABK | Search | AR | B2B Wholesale & Dealers,AR PPF Film Rolls - Trade,مورد فيلم حماية الطلاء السعودية,Phrase,Enabled
ABK | Search | AR | B2B Wholesale & Dealers,AR PPF Film Rolls - Trade,فيلم حماية Vertek,Phrase,Enabled
ABK | Search | AR | B2B Wholesale & Dealers,AR PPF Film Rolls - Trade,فيلم حماية VTEK,Phrase,Enabled
ABK | Search | AR | B2B Wholesale & Dealers,AR PPF Film Rolls - Trade,فيلم حماية Weather Armor,Phrase,Enabled
ABK | Search | AR | B2B Wholesale & Dealers,AR PPF Film Rolls - Trade,رول فيلم حماية الطلاء,Exact,Enabled
ABK | Search | AR | B2B Wholesale & Dealers,AR PPF Film Rolls - Trade,مورد فيلم حماية الطلاء قطر,Exact,Enabled
ABK | Search | AR | VTEK PPF & Window Film,VTEK Solar Armor - أفلام التظليل,رول تظليل سيارات,Phrase,Enabled
ABK | Search | AR | B2B Wholesale & Dealers,AR Window Film Rolls - Trade,رولات تظليل سيارات,Phrase,Enabled
ABK | Search | AR | B2B Wholesale & Dealers,AR Window Film Rolls - Trade,مورد افلام تظليل السيارات,Phrase,Enabled
ABK | Search | AR | B2B Wholesale & Dealers,AR Window Film Rolls - Trade,افلام تظليل بالجملة,Phrase,Enabled
ABK | Search | AR | B2B Wholesale & Dealers,AR Window Film Rolls - Trade,فيلم تظليل زجاج السيارات بالجملة,Phrase,Enabled
ABK | Search | AR | B2B Wholesale & Dealers,AR Window Film Rolls - Trade,افلام العزل الحراري بالجملة,Phrase,Enabled
ABK | Search | AR | B2B Wholesale & Dealers,AR Window Film Rolls - Trade,مورد فيلم عازل حراري للسيارات,Phrase,Enabled
ABK | Search | AR | B2B Wholesale & Dealers,AR Window Film Rolls - Trade,افلام تظليل سيراميك بالجملة,Phrase,Enabled
ABK | Search | AR | B2B Wholesale & Dealers,AR Window Film Rolls - Trade,مورد افلام تظليل قطر,Phrase,Enabled
ABK | Search | AR | B2B Wholesale & Dealers,AR Window Film Rolls - Trade,بيع رولات تظليل,Phrase,Enabled
ABK | Search | AR | B2B Wholesale & Dealers,AR Window Film Rolls - Trade,افلام تظليل لمحلات التظليل,Phrase,Enabled
ABK | Search | AR | B2B Wholesale & Dealers,AR Window Film Rolls - Trade,تجارة افلام التظليل,Phrase,Enabled
ABK | Search | AR | B2B Wholesale & Dealers,AR Window Film Rolls - Trade,توريد افلام تظليل للورش,Phrase,Enabled
ABK | Search | AR | B2B Wholesale & Dealers,AR Window Film Rolls - Trade,مورد افلام تظليل الامارات,Phrase,Enabled
ABK | Search | AR | B2B Wholesale & Dealers,AR Window Film Rolls - Trade,مورد افلام تظليل السعودية,Phrase,Enabled
ABK | Search | AR | B2B Wholesale & Dealers,AR Window Film Rolls - Trade,افلام تظليل Vertek,Phrase,Enabled
ABK | Search | AR | B2B Wholesale & Dealers,AR Window Film Rolls - Trade,افلام تظليل VTEK,Phrase,Enabled
ABK | Search | AR | B2B Wholesale & Dealers,AR Window Film Rolls - Trade,افلام تظليل Solar Armor,Phrase,Enabled
ABK | Search | AR | B2B Wholesale & Dealers,AR Window Film Rolls - Trade,رول تظليل سيارات,Exact,Enabled
ABK | Search | AR | B2B Wholesale & Dealers,AR Window Film Rolls - Trade,مورد افلام تظليل السيارات,Exact,Enabled
ABK | Search | EN | Autotriz Ceramic Coatings,Ceramic Coating - Buy Product,buy ceramic coating qatar,Phrase,Enabled
ABK | Search | EN | Autotriz Ceramic Coatings,Ceramic Coating - Buy Product,buy ceramic coating doha,Phrase,Enabled
ABK | Search | EN | Autotriz Ceramic Coatings,Ceramic Coating - Buy Product,ceramic coating bottle qatar,Phrase,Enabled
ABK | Search | EN | Autotriz Ceramic Coatings,Ceramic Coating - Buy Product,ceramic coating 50ml,Phrase,Enabled
ABK | Search | EN | Autotriz Ceramic Coatings,Ceramic Coating - Buy Product,nano ceramic coating product qatar,Phrase,Enabled
ABK | Search | EN | Autotriz Ceramic Coatings,Ceramic Coating - Buy Product,buy nano ceramic coating qatar,Phrase,Enabled
ABK | Search | EN | Autotriz Ceramic Coatings,Ceramic Coating - Buy Product,ceramic coating kit qatar,Phrase,Enabled
ABK | Search | EN | Autotriz Ceramic Coatings,Ceramic Coating - Buy Product,diy ceramic coating qatar,Phrase,Enabled
ABK | Search | EN | Autotriz Ceramic Coatings,Ceramic Coating - Buy Product,where to buy ceramic coating in qatar,Exact,Enabled
ABK | Search | EN | Autotriz Ceramic Coatings,Ceramic Coating - Buy Product,9h ceramic coating bottle,Phrase,Enabled
ABK | Search | EN | Autotriz Ceramic Coatings,Ceramic Coating - Buy Product,hydrophobic coating for car paint qatar,Phrase,Enabled
ABK | Search | EN | Autotriz Ceramic Coatings,Ceramic Coating - Buy Product,ceramic paint protection product qatar,Phrase,Enabled
ABK | Search | EN | Autotriz Ceramic Coatings,Ceramic Coating - Buy Product,buy car ceramic coating doha,Exact,Enabled
ABK | Search | EN | Autotriz Ceramic Coatings,Ceramic Coating - Buy Product,ceramic coating for car paint buy,Exact,Enabled
ABK | Search | EN | Autotriz Ceramic Coatings,Autotriz Brand and SKU,autotriz ceramic coating,Phrase,Enabled
ABK | Search | EN | Autotriz Ceramic Coatings,Autotriz Brand and SKU,autotriz coating qatar,Phrase,Enabled
ABK | Search | EN | Autotriz Ceramic Coatings,Autotriz Brand and SKU,autotriz qatar,Phrase,Enabled
ABK | Search | EN | Autotriz Ceramic Coatings,Autotriz Brand and SKU,autotriz doha,Phrase,Enabled
ABK | Search | EN | Autotriz Ceramic Coatings,Autotriz Brand and SKU,autotriz ion plus,Phrase,Enabled
ABK | Search | EN | Autotriz Ceramic Coatings,Autotriz Brand and SKU,autotriz revo,Phrase,Enabled
ABK | Search | EN | Autotriz Ceramic Coatings,Autotriz Brand and SKU,autotriz revo ceramic coating,Phrase,Enabled
ABK | Search | EN | Autotriz Ceramic Coatings,Autotriz Brand and SKU,autotriz 3d matrix,Phrase,Enabled
ABK | Search | EN | Autotriz Ceramic Coatings,Autotriz Brand and SKU,autotriz 3d matrix ultra,Exact,Enabled
ABK | Search | EN | Autotriz Ceramic Coatings,Autotriz Brand and SKU,autotriz 3d matrix hybrid,Exact,Enabled
ABK | Search | EN | Autotriz Ceramic Coatings,Autotriz Brand and SKU,autotriz nano ceramic coating,Phrase,Enabled
ABK | Search | EN | Autotriz Ceramic Coatings,Autotriz Brand and SKU,buy autotriz ceramic coating,Phrase,Enabled
ABK | Search | EN | Autotriz Ceramic Coatings,Autotriz Brand and SKU,auto triz ceramic coating,Phrase,Enabled
ABK | Search | EN | Autotriz Ceramic Coatings,Autotriz Brand and SKU,autotriz coating supplier,Phrase,Enabled
ABK | Search | EN | Autotriz Ceramic Coatings,Trade and Detailer Supply,ceramic coating supplier qatar,Phrase,Enabled
ABK | Search | EN | Autotriz Ceramic Coatings,Trade and Detailer Supply,ceramic coating distributor qatar,Phrase,Enabled
ABK | Search | EN | Autotriz Ceramic Coatings,Trade and Detailer Supply,ceramic coating wholesale qatar,Phrase,Enabled
ABK | Search | EN | Autotriz Ceramic Coatings,Trade and Detailer Supply,professional ceramic coating supplier,Phrase,Enabled
ABK | Search | EN | Autotriz Ceramic Coatings,Trade and Detailer Supply,ceramic coating for detailers qatar,Phrase,Enabled
ABK | Search | EN | Autotriz Ceramic Coatings,Trade and Detailer Supply,coating supplier for detailing shops qatar,Exact,Enabled
ABK | Search | EN | Autotriz Ceramic Coatings,Trade and Detailer Supply,bulk ceramic coating supplier qatar,Phrase,Enabled
ABK | Search | EN | Autotriz Ceramic Coatings,Trade and Detailer Supply,detailing coating supplier doha,Phrase,Enabled
ABK | Search | EN | Autotriz Ceramic Coatings,Trade and Detailer Supply,autotriz distributor qatar,Phrase,Enabled
ABK | Search | EN | Autotriz Ceramic Coatings,Trade and Detailer Supply,autotriz dealer gcc,Phrase,Enabled
ABK | Search | EN | Autotriz Ceramic Coatings,Trade and Detailer Supply,autotriz distributor middle east,Phrase,Enabled
ABK | Search | EN | Autotriz Ceramic Coatings,Trade and Detailer Supply,ceramic coating dealer program gcc,Phrase,Enabled
ABK | Search | EN | Autotriz Ceramic Coatings,Trade and Detailer Supply,ppf gel supplier qatar,Exact,Enabled
ABK | Search | EN | Autotriz Ceramic Coatings,Trade and Detailer Supply,ppf slip solution qatar,Exact,Enabled
ABK | Search | EN | Autotriz Ceramic Coatings,Fabric and Textile Coating,fabric protector spray car qatar,Phrase,Enabled
ABK | Search | EN | Autotriz Ceramic Coatings,Fabric and Textile Coating,car seat fabric protector qatar,Phrase,Enabled
ABK | Search | EN | Autotriz Ceramic Coatings,Fabric and Textile Coating,fabric coating for car interior qatar,Phrase,Enabled
ABK | Search | EN | Autotriz Ceramic Coatings,Fabric and Textile Coating,upholstery protector spray qatar,Phrase,Enabled
ABK | Search | EN | Autotriz Ceramic Coatings,Fabric and Textile Coating,textile protection spray car doha,Phrase,Enabled
ABK | Search | EN | Autotriz Ceramic Coatings,Fabric and Textile Coating,nano fabric protector qatar,Phrase,Enabled
ABK | Search | EN | Autotriz Ceramic Coatings,Fabric and Textile Coating,buy fabric protector doha,Phrase,Enabled
ABK | Search | EN | Autotriz Ceramic Coatings,Fabric and Textile Coating,car carpet protector spray qatar,Phrase,Enabled
ABK | Search | EN | Autotriz Ceramic Coatings,Fabric and Textile Coating,soft top fabric protection qatar,Phrase,Enabled
ABK | Search | EN | Autotriz Ceramic Coatings,Fabric and Textile Coating,autotriz fabric coating,Phrase,Enabled
ABK | Search | EN | Autotriz Ceramic Coatings,Fabric and Textile Coating,autotriz fabric and textile coating,Exact,Enabled
ABK | Search | EN | Autotriz Ceramic Coatings,Fabric and Textile Coating,water repellent spray for car seats,Phrase,Enabled
ABK | Search | EN | Autotriz Ceramic Coatings,Fabric and Textile Coating,fabric guard spray qatar,Phrase,Enabled
ABK | Search | EN | Autotriz Ceramic Coatings,One Step Finish Polish,one step polish qatar,Phrase,Enabled
ABK | Search | EN | Autotriz Ceramic Coatings,One Step Finish Polish,one step polish doha,Phrase,Enabled
ABK | Search | EN | Autotriz Ceramic Coatings,One Step Finish Polish,all in one car polish qatar,Phrase,Enabled
ABK | Search | EN | Autotriz Ceramic Coatings,One Step Finish Polish,one step compound car qatar,Phrase,Enabled
ABK | Search | EN | Autotriz Ceramic Coatings,One Step Finish Polish,autotriz one step finish,Exact,Enabled
ABK | Search | EN | Autotriz Ceramic Coatings,One Step Finish Polish,autotriz one step polish,Exact,Enabled
ABK | Search | EN | Autotriz Ceramic Coatings,One Step Finish Polish,buy one step polish qatar,Exact,Enabled
ABK | Search | EN | Autotriz Ceramic Coatings,One Step Finish Polish,swirl remover polish qatar,Phrase,Enabled
ABK | Search | EN | Autotriz Ceramic Coatings,One Step Finish Polish,one step polish for da polisher,Phrase,Enabled
ABK | Search | EN | Autotriz Ceramic Coatings,One Step Finish Polish,4 litre car polish qatar,Phrase,Enabled
ABK | Search | EN | Autotriz Ceramic Coatings,One Step Finish Polish,finishing polish for cars qatar,Phrase,Enabled
ABK | Search | EN | Autotriz Ceramic Coatings,One Step Finish Polish,high gloss car polish qatar,Phrase,Enabled
ABK | Search | EN | Autotriz Ceramic Coatings,PPF Refresh - Top Coat Polish,ppf top coat,Phrase,Enabled
ABK | Search | EN | Autotriz Ceramic Coatings,PPF Refresh - Top Coat Polish,ppf top coat qatar,Phrase,Enabled
ABK | Search | EN | Autotriz Ceramic Coatings,PPF Refresh - Top Coat Polish,ppf maintenance product,Phrase,Enabled
ABK | Search | EN | Autotriz Ceramic Coatings,PPF Refresh - Top Coat Polish,ppf scratch remover,Phrase,Enabled
ABK | Search | EN | Autotriz Ceramic Coatings,PPF Refresh - Top Coat Polish,ppf care product qatar,Phrase,Enabled
ABK | Search | EN | Autotriz Ceramic Coatings,PPF Refresh - Top Coat Polish,ppf polish qatar,Phrase,Enabled
ABK | Search | EN | Autotriz Ceramic Coatings,PPF Refresh - Top Coat Polish,paint protection film polish,Phrase,Enabled
ABK | Search | EN | Autotriz Ceramic Coatings,PPF Refresh - Top Coat Polish,restore ppf gloss,Phrase,Enabled
ABK | Search | EN | Autotriz Ceramic Coatings,PPF Refresh - Top Coat Polish,vinyl wrap care,Phrase,Enabled
ABK | Search | EN | Autotriz Ceramic Coatings,PPF Refresh - Top Coat Polish,vinyl wrap care product qatar,Phrase,Enabled
ABK | Search | EN | Autotriz Ceramic Coatings,PPF Refresh - Top Coat Polish,wrap film polish doha,Phrase,Enabled
ABK | Search | EN | Autotriz Ceramic Coatings,PPF Refresh - Top Coat Polish,film refresh polish qatar,Phrase,Enabled
ABK | Search | EN | Autotriz Ceramic Coatings,PPF Refresh - Top Coat Polish,ppf refresh 1 litre,Phrase,Enabled
ABK | Search | EN | Autotriz Ceramic Coatings,PPF Refresh - Top Coat Polish,autotriz ppf refresh,Exact,Enabled
ABK | Search | EN | Autotriz Ceramic Coatings,PPF Refresh - Top Coat Polish,buy autotriz ppf refresh,Exact,Enabled
ABK | Search | AR | Autotriz Ceramic Coatings,AR - Ceramic Coating Purchase,طلاء سيراميك للسيارات,Phrase,Enabled
ABK | Search | AR | Autotriz Ceramic Coatings,AR - Ceramic Coating Purchase,شراء طلاء سيراميك,Phrase,Enabled
ABK | Search | AR | Autotriz Ceramic Coatings,AR - Ceramic Coating Purchase,طلاء سيراميك قطر,Phrase,Enabled
ABK | Search | AR | Autotriz Ceramic Coatings,AR - Ceramic Coating Purchase,نانو سيراميك للسيارات,Phrase,Enabled
ABK | Search | AR | Autotriz Ceramic Coatings,AR - Ceramic Coating Purchase,عبوة نانو سيراميك,Phrase,Enabled
ABK | Search | AR | Autotriz Ceramic Coatings,AR - Ceramic Coating Purchase,سيراميك كوتينج للسيارات,Phrase,Enabled
ABK | Search | AR | Autotriz Ceramic Coatings,AR - Ceramic Coating Purchase,طلاء نانو سيراميك الدوحة,Phrase,Enabled
ABK | Search | AR | Autotriz Ceramic Coatings,AR - Ceramic Coating Purchase,منتج نانو سيراميك,Phrase,Enabled
ABK | Search | AR | Autotriz Ceramic Coatings,AR - Ceramic Coating Purchase,شراء نانو سيراميك,Phrase,Enabled
ABK | Search | AR | Autotriz Ceramic Coatings,AR - Ceramic Coating Purchase,طلاء سيراميك 50 مل,Exact,Enabled
ABK | Search | AR | Autotriz Ceramic Coatings,AR - Ceramic Coating Purchase,حمايه طلاء السيارة,Phrase,Enabled
ABK | Search | AR | Autotriz Ceramic Coatings,AR - Ceramic Coating Purchase,طلاء سيراميك اصلي,Phrase,Enabled
ABK | Search | AR | Autotriz Ceramic Coatings,AR - Ceramic Coating Purchase,كوتنج سيراميك سيارات,Phrase,Enabled
ABK | Search | AR | Autotriz Ceramic Coatings,AR - Ceramic Coating Purchase,طلاء حماية للسيارة,Phrase,Enabled
ABK | Search | AR | Autotriz Ceramic Coatings,AR - Autotriz Brand,طلاء سيراميك autotriz,Phrase,Enabled
ABK | Search | AR | Autotriz Ceramic Coatings,AR - Autotriz Brand,autotriz سيراميك,Phrase,Enabled
ABK | Search | AR | Autotriz Ceramic Coatings,AR - Autotriz Brand,منتجات autotriz قطر,Phrase,Enabled
ABK | Search | AR | Autotriz Ceramic Coatings,AR - Autotriz Brand,autotriz قطر,Phrase,Enabled
ABK | Search | AR | Autotriz Ceramic Coatings,AR - Autotriz Brand,autotriz الدوحة,Phrase,Enabled
ABK | Search | AR | Autotriz Ceramic Coatings,AR - Autotriz Brand,سيراميك 3d matrix,Phrase,Enabled
ABK | Search | AR | Autotriz Ceramic Coatings,AR - Autotriz Brand,سيراميك ion plus,Phrase,Enabled
ABK | Search | AR | Autotriz Ceramic Coatings,AR - Autotriz Brand,سيراميك revo,Phrase,Enabled
ABK | Search | AR | Autotriz Ceramic Coatings,AR - Autotriz Brand,طلاء سيراميك احترافي,Phrase,Enabled
ABK | Search | AR | Autotriz Ceramic Coatings,AR - Autotriz Brand,سيراميك احترافي للسيارات,Phrase,Enabled
ABK | Search | AR | Autotriz Ceramic Coatings,AR - Autotriz Brand,نانو سيراميك المانيا,Phrase,Enabled
ABK | Search | AR | Autotriz Ceramic Coatings,AR - Autotriz Brand,طلاء سيراميك صناعة المانيا,Phrase,Enabled
ABK | Search | AR | Autotriz Ceramic Coatings,AR - Autotriz Brand,نانو سيراميك 50 مل,Exact,Enabled
ABK | Search | AR | Autotriz Ceramic Coatings,AR - Wholesale and Distributors,طلاء سيراميك بالجملة,Phrase,Enabled
ABK | Search | AR | Autotriz Ceramic Coatings,AR - Wholesale and Distributors,موزع طلاء سيراميك,Phrase,Enabled
ABK | Search | AR | Autotriz Ceramic Coatings,AR - Wholesale and Distributors,مواد تلميع بالجملة,Phrase,Enabled
ABK | Search | AR | Autotriz Ceramic Coatings,AR - Wholesale and Distributors,مورد طلاء سيراميك قطر,Phrase,Enabled
ABK | Search | AR | Autotriz Ceramic Coatings,AR - Wholesale and Distributors,جل تركيب الافلام,Phrase,Enabled
ABK | Search | AR | Autotriz Ceramic Coatings,AR - Wholesale and Distributors,مستلزمات ورش التلميع,Phrase,Enabled
ABK | Search | AR | Autotriz Ceramic Coatings,AR - Fabric and Textile Coating,طلاء حماية الاقمشة,Phrase,Enabled
ABK | Search | AR | Autotriz Ceramic Coatings,AR - Fabric and Textile Coating,حماية مقاعد السيارة,Phrase,Enabled
ABK | Search | AR | Autotriz Ceramic Coatings,AR - Fabric and Textile Coating,بخاخ حماية الاقمشة,Phrase,Enabled
ABK | Search | AR | Autotriz Ceramic Coatings,AR - Fabric and Textile Coating,حماية اقمشة السيارة,Phrase,Enabled
ABK | Search | AR | Autotriz Ceramic Coatings,AR - Fabric and Textile Coating,طلاء نانو للاقمشة,Phrase,Enabled
ABK | Search | AR | Autotriz Ceramic Coatings,AR - Fabric and Textile Coating,حماية سجاد السيارة,Phrase,Enabled
ABK | Search | AR | Autotriz Ceramic Coatings,AR - Fabric and Textile Coating,بخاخ طارد للماء للمقاعد,Phrase,Enabled
ABK | Search | AR | Autotriz Ceramic Coatings,AR - Fabric and Textile Coating,حماية المفروشات من البقع,Phrase,Enabled
ABK | Search | AR | Autotriz Ceramic Coatings,AR - Fabric and Textile Coating,autotriz حماية الاقمشة,Phrase,Enabled
ABK | Search | AR | Autotriz Ceramic Coatings,AR - Fabric and Textile Coating,حماية الكراسي القماش,Phrase,Enabled
ABK | Search | AR | Autotriz Ceramic Coatings,AR - Fabric and Textile Coating,منتج حماية الاقمشة قطر,Phrase,Enabled
ABK | Search | AR | Autotriz Ceramic Coatings,AR - Fabric and Textile Coating,حماية السقف القماشي,Phrase,Enabled
ABK | Search | AR | Autotriz Ceramic Coatings,AR - One Step Polish,ملمع خطوة واحدة,Phrase,Enabled
ABK | Search | AR | Autotriz Ceramic Coatings,AR - One Step Polish,بوليش خطوة واحدة,Phrase,Enabled
ABK | Search | AR | Autotriz Ceramic Coatings,AR - One Step Polish,ملمع سيارات 4 لتر,Phrase,Enabled
ABK | Search | AR | Autotriz Ceramic Coatings,AR - One Step Polish,شراء بوليش سيارات,Phrase,Enabled
ABK | Search | AR | Autotriz Ceramic Coatings,AR - One Step Polish,مركب تلميع سيارات,Phrase,Enabled
ABK | Search | AR | Autotriz Ceramic Coatings,AR - One Step Polish,كمبوند سيارات,Phrase,Enabled
ABK | Search | AR | Autotriz Ceramic Coatings,AR - One Step Polish,مزيل الخدوش للسيارات,Phrase,Enabled
ABK | Search | AR | Autotriz Ceramic Coatings,AR - One Step Polish,مزيل الدوامات,Phrase,Enabled
ABK | Search | AR | Autotriz Ceramic Coatings,AR - One Step Polish,بوليش سيارات جالون,Phrase,Enabled
ABK | Search | AR | Autotriz Ceramic Coatings,AR - One Step Polish,ملمع سيارات autotriz,Phrase,Enabled
ABK | Search | AR | Autotriz Ceramic Coatings,AR - One Step Polish,بوليش autotriz,Phrase,Enabled
ABK | Search | AR | Autotriz Ceramic Coatings,AR - One Step Polish,مركب تلميع بالجملة,Phrase,Enabled
ABK | Search | AR | Autotriz Ceramic Coatings,AR - One Step Polish,ملمع طلاء السيارة,Phrase,Enabled
ABK | Search | AR | Autotriz Ceramic Coatings,AR - PPF Refresh,عناية بأفلام الحماية,Phrase,Enabled
ABK | Search | AR | Autotriz Ceramic Coatings,AR - PPF Refresh,ملمع أفلام الحماية,Phrase,Enabled
ABK | Search | AR | Autotriz Ceramic Coatings,AR - PPF Refresh,مجدد أفلام الحماية,Phrase,Enabled
ABK | Search | AR | Autotriz Ceramic Coatings,AR - PPF Refresh,تجديد فيلم الحماية,Phrase,Enabled
ABK | Search | AR | Autotriz Ceramic Coatings,AR - PPF Refresh,منتج عناية بفيلم الحماية,Phrase,Enabled
ABK | Search | AR | Autotriz Ceramic Coatings,AR - PPF Refresh,ملمع فيلم حماية الطلاء,Phrase,Enabled
ABK | Search | AR | Autotriz Ceramic Coatings,AR - PPF Refresh,ازالة خدوش فيلم الحماية,Phrase,Enabled
ABK | Search | AR | Autotriz Ceramic Coatings,AR - PPF Refresh,طبقة علوية لفيلم الحماية,Phrase,Enabled
ABK | Search | AR | Autotriz Ceramic Coatings,AR - PPF Refresh,شراء ملمع أفلام الحماية,Phrase,Enabled
ABK | Search | AR | Autotriz Ceramic Coatings,AR - PPF Refresh,عناية بالفينيل والتغليف,Phrase,Enabled
ABK | Search | AR | Autotriz Ceramic Coatings,AR - PPF Refresh,ملمع تغليف الفينيل,Phrase,Enabled
ABK | Search | AR | Autotriz Ceramic Coatings,AR - PPF Refresh,autotriz ppf refresh,Exact,Enabled
ABK | Search | EN | Interior & Fragrance,EN - Interior Cleaner (Briller MPC),car interior cleaner qatar,Phrase,Enabled
ABK | Search | EN | Interior & Fragrance,EN - Interior Cleaner (Briller MPC),buy car interior cleaner doha,Phrase,Enabled
ABK | Search | EN | Interior & Fragrance,EN - Interior Cleaner (Briller MPC),car interior cleaning products qatar,Phrase,Enabled
ABK | Search | EN | Interior & Fragrance,EN - Interior Cleaner (Briller MPC),car upholstery cleaner qatar,Phrase,Enabled
ABK | Search | EN | Interior & Fragrance,EN - Interior Cleaner (Briller MPC),car seat cleaner qatar,Phrase,Enabled
ABK | Search | EN | Interior & Fragrance,EN - Interior Cleaner (Briller MPC),dashboard cleaner car qatar,Phrase,Enabled
ABK | Search | EN | Interior & Fragrance,EN - Interior Cleaner (Briller MPC),multipurpose cleaner car interior,Phrase,Enabled
ABK | Search | EN | Interior & Fragrance,EN - Interior Cleaner (Briller MPC),all purpose cleaner detailing qatar,Phrase,Enabled
ABK | Search | EN | Interior & Fragrance,EN - Interior Cleaner (Briller MPC),apc car cleaner,Exact,Enabled
ABK | Search | EN | Interior & Fragrance,EN - Interior Cleaner (Briller MPC),briller multipurpose cleaner,Exact,Enabled
ABK | Search | EN | Interior & Fragrance,EN - Interior Cleaner (Briller MPC),foam interior cleaner car qatar,Phrase,Enabled
ABK | Search | EN | Interior & Fragrance,EN - Interior Cleaner (Briller MPC),car interior cleaner concentrate,Phrase,Enabled
ABK | Search | EN | Interior & Fragrance,EN - Interior Cleaner (Briller MPC),interior cleaner 20 litre qatar,Phrase,Enabled
ABK | Search | EN | Interior & Fragrance,EN - Interior Cleaner (Briller MPC),car interior cleaner supplier doha,Phrase,Enabled
ABK | Search | EN | Interior & Fragrance,EN - Interior Cleaner (Briller MPC),interior cleaner for detailers qatar,Phrase,Enabled
ABK | Search | EN | Interior & Fragrance,EN - Interior Cleaner (Briller MPC),car cleaning chemicals doha,Phrase,Enabled
ABK | Search | EN | Interior & Fragrance,EN - Leather & Vinyl Coating (Autotriz),car leather coating qatar,Phrase,Enabled
ABK | Search | EN | Interior & Fragrance,EN - Leather & Vinyl Coating (Autotriz),leather ceramic coating qatar,Phrase,Enabled
ABK | Search | EN | Interior & Fragrance,EN - Leather & Vinyl Coating (Autotriz),ceramic coating for leather,Exact,Enabled
ABK | Search | EN | Interior & Fragrance,EN - Leather & Vinyl Coating (Autotriz),leather protection car qatar,Phrase,Enabled
ABK | Search | EN | Interior & Fragrance,EN - Leather & Vinyl Coating (Autotriz),leather protectant spray car qatar,Phrase,Enabled
ABK | Search | EN | Interior & Fragrance,EN - Leather & Vinyl Coating (Autotriz),car seat leather protector qatar,Phrase,Enabled
ABK | Search | EN | Interior & Fragrance,EN - Leather & Vinyl Coating (Autotriz),leather and vinyl protectant qatar,Phrase,Enabled
ABK | Search | EN | Interior & Fragrance,EN - Leather & Vinyl Coating (Autotriz),vinyl coating car qatar,Phrase,Enabled
ABK | Search | EN | Interior & Fragrance,EN - Leather & Vinyl Coating (Autotriz),autotriz leather and vinyl,Exact,Enabled
ABK | Search | EN | Interior & Fragrance,EN - Leather & Vinyl Coating (Autotriz),buy leather coating doha,Phrase,Enabled
ABK | Search | EN | Interior & Fragrance,EN - Leather & Vinyl Coating (Autotriz),interior ceramic coating qatar,Phrase,Enabled
ABK | Search | EN | Interior & Fragrance,EN - Leather & Vinyl Coating (Autotriz),synthetic leather protection car,Phrase,Enabled
ABK | Search | EN | Interior & Fragrance,EN - Leather & Vinyl Coating (Autotriz),dashboard protectant qatar,Phrase,Enabled
ABK | Search | EN | Interior & Fragrance,EN - Leather & Vinyl Coating (Autotriz),leather coating 50ml,Exact,Enabled
ABK | Search | EN | Interior & Fragrance,EN - Leather & Vinyl Coating (Autotriz),leather protection for detailers qatar,Phrase,Enabled
ABK | Search | EN | Interior & Fragrance,EN - Leather & Vinyl Coating (Autotriz),interior coating supplier doha,Phrase,Enabled
ABK | Search | EN | Interior & Fragrance,EN - Fabric & Upholstery Coating (Autotriz),car fabric coating qatar,Phrase,Enabled
ABK | Search | EN | Interior & Fragrance,EN - Fabric & Upholstery Coating (Autotriz),textile protection car qatar,Phrase,Enabled
ABK | Search | EN | Interior & Fragrance,EN - Fabric & Upholstery Coating (Autotriz),autotriz fabric textile coating,Exact,Enabled
ABK | Search | EN | Interior & Fragrance,EN - Fabric & Upholstery Coating (Autotriz),car carpet protector spray,Phrase,Enabled
ABK | Search | EN | Interior & Fragrance,EN - Fabric & Upholstery Coating (Autotriz),fabric coating for car seats,Phrase,Enabled
ABK | Search | EN | Interior & Fragrance,EN - Fabric & Upholstery Coating (Autotriz),stain repellent spray car seats,Phrase,Enabled
ABK | Search | EN | Interior & Fragrance,EN - Fabric & Upholstery Coating (Autotriz),water repellent fabric spray qatar,Phrase,Enabled
ABK | Search | EN | Interior & Fragrance,EN - Fabric & Upholstery Coating (Autotriz),soft top protection spray,Phrase,Enabled
ABK | Search | EN | Interior & Fragrance,EN - Fabric & Upholstery Coating (Autotriz),fabric guard spray car qatar,Phrase,Enabled
ABK | Search | EN | Interior & Fragrance,EN - Fabric & Upholstery Coating (Autotriz),interior fabric protection qatar,Phrase,Enabled
ABK | Search | EN | Interior & Fragrance,EN - Fabric & Upholstery Coating (Autotriz),fabric protector 300ml,Exact,Enabled
ABK | Search | EN | Interior & Fragrance,EN - ABK Home Fragrance,home fragrance qatar,Phrase,Enabled
ABK | Search | EN | Interior & Fragrance,EN - ABK Home Fragrance,home fragrance doha,Phrase,Enabled
ABK | Search | EN | Interior & Fragrance,EN - ABK Home Fragrance,buy home fragrance doha,Phrase,Enabled
ABK | Search | EN | Interior & Fragrance,EN - ABK Home Fragrance,room fragrance qatar,Phrase,Enabled
ABK | Search | EN | Interior & Fragrance,EN - ABK Home Fragrance,house fragrance qatar,Phrase,Enabled
ABK | Search | EN | Interior & Fragrance,EN - ABK Home Fragrance,home scent qatar,Phrase,Enabled
ABK | Search | EN | Interior & Fragrance,EN - ABK Home Fragrance,luxury home fragrance qatar,Phrase,Enabled
ABK | Search | EN | Interior & Fragrance,EN - ABK Home Fragrance,long lasting home fragrance qatar,Phrase,Enabled
ABK | Search | EN | Interior & Fragrance,EN - ABK Home Fragrance,premium home fragrance doha,Phrase,Enabled
ABK | Search | EN | Interior & Fragrance,EN - ABK Home Fragrance,majlis fragrance qatar,Phrase,Enabled
ABK | Search | EN | Interior & Fragrance,EN - ABK Home Fragrance,arabian home fragrance qatar,Phrase,Enabled
ABK | Search | EN | Interior & Fragrance,EN - ABK Home Fragrance,mashmoom fragrance qatar,Phrase,Enabled
ABK | Search | EN | Interior & Fragrance,EN - ABK Home Fragrance,abk mashmom,Exact,Enabled
ABK | Search | EN | Interior & Fragrance,EN - ABK Home Fragrance,abk secret fragrance,Exact,Enabled
ABK | Search | EN | Interior & Fragrance,EN - ABK Home Fragrance,abk home fragrance,Exact,Enabled
ABK | Search | EN | Interior & Fragrance,EN - ABK Home Fragrance,home fragrance shop doha,Phrase,Enabled
ABK | Search | EN | Interior & Fragrance,EN - Sticker & Adhesive Remover,sticker remover spray qatar,Phrase,Enabled
ABK | Search | EN | Interior & Fragrance,EN - Sticker & Adhesive Remover,car sticker remover doha,Phrase,Enabled
ABK | Search | EN | Interior & Fragrance,EN - Sticker & Adhesive Remover,adhesive remover spray qatar,Phrase,Enabled
ABK | Search | EN | Interior & Fragrance,EN - Sticker & Adhesive Remover,glue remover for car paint,Phrase,Enabled
ABK | Search | EN | Interior & Fragrance,EN - Sticker & Adhesive Remover,decal remover spray qatar,Phrase,Enabled
ABK | Search | EN | Interior & Fragrance,EN - Sticker & Adhesive Remover,buy sticker remover doha,Phrase,Enabled
ABK | Search | EN | Interior & Fragrance,EN - Sticker & Adhesive Remover,detainer sticker remover,Exact,Enabled
ABK | Search | EN | Interior & Fragrance,EN - Sticker & Adhesive Remover,label remover spray qatar,Phrase,Enabled
ABK | Search | EN | Interior & Fragrance,EN - Sticker & Adhesive Remover,adhesive residue remover car,Phrase,Enabled
ABK | Search | EN | Interior & Fragrance,EN - Sticker & Adhesive Remover,tape residue remover car,Phrase,Enabled
ABK | Search | EN | Interior & Fragrance,EN - Sticker & Adhesive Remover,aerosol sticker remover qatar,Phrase,Enabled
ABK | Search | EN | Interior & Fragrance,EN - Sticker & Adhesive Remover,bumper sticker remover qatar,Phrase,Enabled
ABK | Search | EN | Interior & Fragrance,EN - Sticker & Adhesive Remover,windshield sticker remover qatar,Phrase,Enabled
ABK | Search | EN | Interior & Fragrance,EN - Sticker & Adhesive Remover,adhesive remover for detailers qatar,Phrase,Enabled
ABK | Search | EN | Interior & Fragrance,EN - Sticker & Adhesive Remover,sticker remover 450ml,Exact,Enabled
ABK | Search | AR | Interior & Fragrance,AR - منظف الداخلية,منظف داخلية السيارة,Phrase,Enabled
ABK | Search | AR | Interior & Fragrance,AR - منظف الداخلية,منظف داخلية السيارات,Phrase,Enabled
ABK | Search | AR | Interior & Fragrance,AR - منظف الداخلية,منظف مقاعد السيارة,Phrase,Enabled
ABK | Search | AR | Interior & Fragrance,AR - منظف الداخلية,منظف الطبلون,Phrase,Enabled
ABK | Search | AR | Interior & Fragrance,AR - منظف الداخلية,منظف متعدد الأغراض,Phrase,Enabled
ABK | Search | AR | Interior & Fragrance,AR - منظف الداخلية,منظف متعدد الاغراض,Phrase,Enabled
ABK | Search | AR | Interior & Fragrance,AR - منظف الداخلية,منظف رغوي للسيارة,Phrase,Enabled
ABK | Search | AR | Interior & Fragrance,AR - منظف الداخلية,مواد تنظيف داخلية السيارة,Phrase,Enabled
ABK | Search | AR | Interior & Fragrance,AR - منظف الداخلية,منظف مقاعد المخمل,Phrase,Enabled
ABK | Search | AR | Interior & Fragrance,AR - منظف الداخلية,شراء منظف داخلية السيارة,Phrase,Enabled
ABK | Search | AR | Interior & Fragrance,AR - منظف الداخلية,منظف داخلي للسيارة قطر,Phrase,Enabled
ABK | Search | AR | Interior & Fragrance,AR - منظف الداخلية,منظف مقاعد السيارة الدوحة,Phrase,Enabled
ABK | Search | AR | Interior & Fragrance,AR - منظف الداخلية,مستلزمات تنظيف السيارات,Phrase,Enabled
ABK | Search | AR | Interior & Fragrance,AR - منظف الداخلية,منظف سيارات بالجملة,Phrase,Enabled
ABK | Search | AR | Interior & Fragrance,AR - منظف الداخلية,briller multipurpose cleaner,Exact,Enabled
ABK | Search | AR | Interior & Fragrance,AR - سيراميك الجلد والفينيل,طلاء سيراميك للجلد,Phrase,Enabled
ABK | Search | AR | Interior & Fragrance,AR - سيراميك الجلد والفينيل,سيراميك للجلد,Phrase,Enabled
ABK | Search | AR | Interior & Fragrance,AR - سيراميك الجلد والفينيل,حماية جلد السيارة,Phrase,Enabled
ABK | Search | AR | Interior & Fragrance,AR - سيراميك الجلد والفينيل,حماية المقاعد الجلدية,Phrase,Enabled
ABK | Search | AR | Interior & Fragrance,AR - سيراميك الجلد والفينيل,طلاء حماية الجلد والفينيل,Phrase,Enabled
ABK | Search | AR | Interior & Fragrance,AR - سيراميك الجلد والفينيل,حماية الفينيل للسيارة,Phrase,Enabled
ABK | Search | AR | Interior & Fragrance,AR - سيراميك الجلد والفينيل,منتج حماية جلد السيارة,Phrase,Enabled
ABK | Search | AR | Interior & Fragrance,AR - سيراميك الجلد والفينيل,طلاء حماية الطبلون,Phrase,Enabled
ABK | Search | AR | Interior & Fragrance,AR - سيراميك الجلد والفينيل,سيراميك داخلية السيارة,Phrase,Enabled
ABK | Search | AR | Interior & Fragrance,AR - سيراميك الجلد والفينيل,طلاء سيراميك للجلد الصناعي,Phrase,Enabled
ABK | Search | AR | Interior & Fragrance,AR - سيراميك الجلد والفينيل,شراء طلاء سيراميك للجلد,Phrase,Enabled
ABK | Search | AR | Interior & Fragrance,AR - سيراميك الجلد والفينيل,حماية جلد السيارة من الشمس,Phrase,Enabled
ABK | Search | AR | Interior & Fragrance,AR - سيراميك الجلد والفينيل,حماية البلاستيك الداخلي للسيارة,Phrase,Enabled
ABK | Search | AR | Interior & Fragrance,AR - سيراميك الجلد والفينيل,autotriz leather and vinyl,Exact,Enabled
ABK | Search | AR | Interior & Fragrance,AR - حماية الأقمشة,طلاء حماية الأقمشة,Phrase,Enabled
ABK | Search | AR | Interior & Fragrance,AR - حماية الأقمشة,حماية أقمشة السيارة,Phrase,Enabled
ABK | Search | AR | Interior & Fragrance,AR - حماية الأقمشة,حماية مقاعد القماش,Phrase,Enabled
ABK | Search | AR | Interior & Fragrance,AR - حماية الأقمشة,طارد الماء للاقمشة,Phrase,Enabled
ABK | Search | AR | Interior & Fragrance,AR - حماية الأقمشة,نانو حماية الاقمشة,Phrase,Enabled
ABK | Search | AR | Interior & Fragrance,AR - حماية الأقمشة,حماية السقف القماشي للسيارة,Phrase,Enabled
ABK | Search | AR | Interior & Fragrance,AR - حماية الأقمشة,منتج حماية اقمشة السيارة,Phrase,Enabled
ABK | Search | AR | Interior & Fragrance,AR - حماية الأقمشة,شراء حماية الاقمشة,Phrase,Enabled
ABK | Search | AR | Interior & Fragrance,AR - حماية الأقمشة,حماية فرش السيارة,Phrase,Enabled
ABK | Search | AR | Interior & Fragrance,AR - حماية الأقمشة,autotriz fabric coating,Exact,Enabled
ABK | Search | AR | Interior & Fragrance,AR - معطرات المنزل ABK,معطر منزل,Phrase,Enabled
ABK | Search | AR | Interior & Fragrance,AR - معطرات المنزل ABK,معطرات المنزل,Phrase,Enabled
ABK | Search | AR | Interior & Fragrance,AR - معطرات المنزل ABK,معطر منزل قطر,Phrase,Enabled
ABK | Search | AR | Interior & Fragrance,AR - معطرات المنزل ABK,معطرات المنزل الدوحة,Phrase,Enabled
ABK | Search | AR | Interior & Fragrance,AR - معطرات المنزل ABK,معطر جو للمنزل,Phrase,Enabled
ABK | Search | AR | Interior & Fragrance,AR - معطرات المنزل ABK,معطر البيت,Phrase,Enabled
ABK | Search | AR | Interior & Fragrance,AR - معطرات المنزل ABK,مشموم,Phrase,Enabled
ABK | Search | AR | Interior & Fragrance,AR - معطرات المنزل ABK,معطر مشموم,Phrase,Enabled
ABK | Search | AR | Interior & Fragrance,AR - معطرات المنزل ABK,معطر منزل فاخر,Phrase,Enabled
ABK | Search | AR | Interior & Fragrance,AR - معطرات المنزل ABK,معطر مجلس,Phrase,Enabled
ABK | Search | AR | Interior & Fragrance,AR - معطرات المنزل ABK,شراء معطر منزل,Phrase,Enabled
ABK | Search | AR | Interior & Fragrance,AR - معطرات المنزل ABK,معطر منزل يدوم طويلا,Phrase,Enabled
ABK | Search | AR | Interior & Fragrance,AR - معطرات المنزل ABK,abk mashmom,Exact,Enabled
ABK | Search | AR | Interior & Fragrance,AR - معطرات المنزل ABK,abk secret,Exact,Enabled
ABK | Search | AR | Interior & Fragrance,AR - مزيل الملصقات,مزيل الملصقات,Phrase,Enabled
ABK | Search | AR | Interior & Fragrance,AR - مزيل الملصقات,مزيل ملصقات السيارة,Phrase,Enabled
ABK | Search | AR | Interior & Fragrance,AR - مزيل الملصقات,مزيل الصمغ للسيارة,Phrase,Enabled
ABK | Search | AR | Interior & Fragrance,AR - مزيل الملصقات,بخاخ مزيل الملصقات,Phrase,Enabled
ABK | Search | AR | Interior & Fragrance,AR - مزيل الملصقات,مزيل اللاصق,Phrase,Enabled
ABK | Search | AR | Interior & Fragrance,AR - مزيل الملصقات,مزيل بقايا اللاصق,Phrase,Enabled
ABK | Search | AR | Interior & Fragrance,AR - مزيل الملصقات,مزيل الستيكرات,Phrase,Enabled
ABK | Search | AR | Interior & Fragrance,AR - مزيل الملصقات,مزيل الملصقات قطر,Phrase,Enabled
ABK | Search | AR | Interior & Fragrance,AR - مزيل الملصقات,شراء مزيل ملصقات,Phrase,Enabled
ABK | Search | AR | Interior & Fragrance,AR - مزيل الملصقات,مزيل الغراء من الزجاج,Phrase,Enabled
ABK | Search | AR | Interior & Fragrance,AR - مزيل الملصقات,مزيل ملصقات الزجاج الامامي,Phrase,Enabled
ABK | Search | AR | Interior & Fragrance,AR - مزيل الملصقات,مزيل لاصق للسيارات الدوحة,Phrase,Enabled
ABK | Search | AR | Interior & Fragrance,AR - مزيل الملصقات,مزيل الملصقات للورش,Phrase,Enabled
ABK | Search | AR | Interior & Fragrance,AR - مزيل الملصقات,detainer sticker remover,Exact,Enabled
ABK | Search | EN | Autotriz Compounds & Shampoo,Cutting Compound - Heavy Cut 901,autotriz heavy cut 901,Exact,Enabled
ABK | Search | EN | Autotriz Compounds & Shampoo,Cutting Compound - Heavy Cut 901,autotriz 901,Exact,Enabled
ABK | Search | EN | Autotriz Compounds & Shampoo,Cutting Compound - Heavy Cut 901,heavy cut compound,Phrase,Enabled
ABK | Search | EN | Autotriz Compounds & Shampoo,Cutting Compound - Heavy Cut 901,heavy cut compound qatar,Phrase,Enabled
ABK | Search | EN | Autotriz Compounds & Shampoo,Cutting Compound - Heavy Cut 901,cutting compound qatar,Phrase,Enabled
ABK | Search | EN | Autotriz Compounds & Shampoo,Cutting Compound - Heavy Cut 901,cutting compound doha,Phrase,Enabled
ABK | Search | EN | Autotriz Compounds & Shampoo,Cutting Compound - Heavy Cut 901,buy cutting compound qatar,Phrase,Enabled
ABK | Search | EN | Autotriz Compounds & Shampoo,Cutting Compound - Heavy Cut 901,rubbing compound car qatar,Phrase,Enabled
ABK | Search | EN | Autotriz Compounds & Shampoo,Cutting Compound - Heavy Cut 901,car cutting compound doha,Phrase,Enabled
ABK | Search | EN | Autotriz Compounds & Shampoo,Cutting Compound - Heavy Cut 901,heavy cut polish qatar,Phrase,Enabled
ABK | Search | EN | Autotriz Compounds & Shampoo,Cutting Compound - Heavy Cut 901,compound to remove sanding marks,Phrase,Enabled
ABK | Search | EN | Autotriz Compounds & Shampoo,Cutting Compound - Heavy Cut 901,p1500 sanding mark compound,Phrase,Enabled
ABK | Search | EN | Autotriz Compounds & Shampoo,Cutting Compound - Heavy Cut 901,hologram free compound,Phrase,Enabled
ABK | Search | EN | Autotriz Compounds & Shampoo,Cutting Compound - Heavy Cut 901,autotriz compound qatar,Phrase,Enabled
ABK | Search | EN | Autotriz Compounds & Shampoo,Cutting Compound - Heavy Cut 901,detailing compound supplier qatar,Phrase,Enabled
ABK | Search | EN | Autotriz Compounds & Shampoo,Cutting Compound - Heavy Cut 901,professional cutting compound doha,Phrase,Enabled
ABK | Search | EN | Autotriz Compounds & Shampoo,Polishing Compound - Power Cut 701,autotriz power cut 701,Exact,Enabled
ABK | Search | EN | Autotriz Compounds & Shampoo,Polishing Compound - Power Cut 701,power cut 701,Exact,Enabled
ABK | Search | EN | Autotriz Compounds & Shampoo,Polishing Compound - Power Cut 701,autotriz 701,Exact,Enabled
ABK | Search | EN | Autotriz Compounds & Shampoo,Polishing Compound - Power Cut 701,polishing compound qatar,Phrase,Enabled
ABK | Search | EN | Autotriz Compounds & Shampoo,Polishing Compound - Power Cut 701,polishing compound doha,Phrase,Enabled
ABK | Search | EN | Autotriz Compounds & Shampoo,Polishing Compound - Power Cut 701,buy polishing compound qatar,Phrase,Enabled
ABK | Search | EN | Autotriz Compounds & Shampoo,Polishing Compound - Power Cut 701,car polishing compound qatar,Phrase,Enabled
ABK | Search | EN | Autotriz Compounds & Shampoo,Polishing Compound - Power Cut 701,compound polish qatar,Phrase,Enabled
ABK | Search | EN | Autotriz Compounds & Shampoo,Polishing Compound - Power Cut 701,professional polishing compound,Phrase,Enabled
ABK | Search | EN | Autotriz Compounds & Shampoo,Polishing Compound - Power Cut 701,body shop compound qatar,Phrase,Enabled
ABK | Search | EN | Autotriz Compounds & Shampoo,Polishing Compound - Power Cut 701,autotriz polishing compound,Phrase,Enabled
ABK | Search | EN | Autotriz Compounds & Shampoo,Polishing Compound - Power Cut 701,polishing compound supplier qatar,Phrase,Enabled
ABK | Search | EN | Autotriz Compounds & Shampoo,Polishing Compound - Power Cut 701,detailing compound doha,Phrase,Enabled
ABK | Search | EN | Autotriz Compounds & Shampoo,Polishing Compound - Power Cut 701,car compound 4 litre,Phrase,Enabled
ABK | Search | EN | Autotriz Compounds & Shampoo,Polishing Compound - Power Cut 701,buy car compound doha,Phrase,Enabled
ABK | Search | EN | Autotriz Compounds & Shampoo,Polishing Compound - Power Cut 701,compound for paint correction qatar,Phrase,Enabled
ABK | Search | EN | Autotriz Compounds & Shampoo,Finishing Polish - Ultimate Polish 302,autotriz ultimate polish 302,Exact,Enabled
ABK | Search | EN | Autotriz Compounds & Shampoo,Finishing Polish - Ultimate Polish 302,ultimate polish 302,Exact,Enabled
ABK | Search | EN | Autotriz Compounds & Shampoo,Finishing Polish - Ultimate Polish 302,autotriz 302,Exact,Enabled
ABK | Search | EN | Autotriz Compounds & Shampoo,Finishing Polish - Ultimate Polish 302,car polish qatar,Exact,Enabled
ABK | Search | EN | Autotriz Compounds & Shampoo,Finishing Polish - Ultimate Polish 302,finishing polish qatar,Phrase,Enabled
ABK | Search | EN | Autotriz Compounds & Shampoo,Finishing Polish - Ultimate Polish 302,finishing polish doha,Phrase,Enabled
ABK | Search | EN | Autotriz Compounds & Shampoo,Finishing Polish - Ultimate Polish 302,buy car polish qatar,Phrase,Enabled
ABK | Search | EN | Autotriz Compounds & Shampoo,Finishing Polish - Ultimate Polish 302,machine polish for cars qatar,Phrase,Enabled
ABK | Search | EN | Autotriz Compounds & Shampoo,Finishing Polish - Ultimate Polish 302,polish for dark paint,Phrase,Enabled
ABK | Search | EN | Autotriz Compounds & Shampoo,Finishing Polish - Ultimate Polish 302,hologram free polish,Phrase,Enabled
ABK | Search | EN | Autotriz Compounds & Shampoo,Finishing Polish - Ultimate Polish 302,gloss finishing polish doha,Phrase,Enabled
ABK | Search | EN | Autotriz Compounds & Shampoo,Finishing Polish - Ultimate Polish 302,autotriz polish qatar,Phrase,Enabled
ABK | Search | EN | Autotriz Compounds & Shampoo,Finishing Polish - Ultimate Polish 302,body shop polish supplier qatar,Phrase,Enabled
ABK | Search | EN | Autotriz Compounds & Shampoo,Finishing Polish - Ultimate Polish 302,detailing polish doha,Phrase,Enabled
ABK | Search | EN | Autotriz Compounds & Shampoo,Finishing Polish - Ultimate Polish 302,wet look car polish qatar,Phrase,Enabled
ABK | Search | EN | Autotriz Compounds & Shampoo,One Step Polish - One Step Finish,one step compound doha,Phrase,Enabled
ABK | Search | EN | Autotriz Compounds & Shampoo,One Step Polish - One Step Finish,all in one polish compound,Phrase,Enabled
ABK | Search | EN | Autotriz Compounds & Shampoo,One Step Polish - One Step Finish,swirl remover qatar,Phrase,Enabled
ABK | Search | EN | Autotriz Compounds & Shampoo,One Step Polish - One Step Finish,swirl remover polish doha,Phrase,Enabled
ABK | Search | EN | Autotriz Compounds & Shampoo,One Step Polish - One Step Finish,car scratch remover polish qatar,Phrase,Enabled
ABK | Search | EN | Autotriz Compounds & Shampoo,One Step Polish - One Step Finish,one step polish 4l,Phrase,Enabled
ABK | Search | EN | Autotriz Compounds & Shampoo,One Step Polish - One Step Finish,polish for da polisher qatar,Phrase,Enabled
ABK | Search | EN | Autotriz Compounds & Shampoo,One Step Polish - One Step Finish,one step finish polish,Phrase,Enabled
ABK | Search | EN | Autotriz Compounds & Shampoo,One Step Polish - One Step Finish,buy one step polish doha,Phrase,Enabled
ABK | Search | EN | Autotriz Compounds & Shampoo,One Step Polish - One Step Finish,autotriz polish compound qatar,Phrase,Enabled
ABK | Search | EN | Autotriz Compounds & Shampoo,One Step Polish - One Step Finish,single step polish compound,Phrase,Enabled
ABK | Search | EN | Autotriz Compounds & Shampoo,One Step Polish - One Step Finish,rotary polish compound qatar,Phrase,Enabled
ABK | Search | EN | Autotriz Compounds & Shampoo,Rich Foam Shampoo - 20L Trade Pack,autotriz rich foam shampoo,Exact,Enabled
ABK | Search | EN | Autotriz Compounds & Shampoo,Rich Foam Shampoo - 20L Trade Pack,rich foam shampoo qatar,Phrase,Enabled
ABK | Search | EN | Autotriz Compounds & Shampoo,Rich Foam Shampoo - 20L Trade Pack,snow foam shampoo qatar,Phrase,Enabled
ABK | Search | EN | Autotriz Compounds & Shampoo,Rich Foam Shampoo - 20L Trade Pack,snow foam shampoo doha,Phrase,Enabled
ABK | Search | EN | Autotriz Compounds & Shampoo,Rich Foam Shampoo - 20L Trade Pack,buy car shampoo qatar,Phrase,Enabled
ABK | Search | EN | Autotriz Compounds & Shampoo,Rich Foam Shampoo - 20L Trade Pack,buy car shampoo doha,Phrase,Enabled
ABK | Search | EN | Autotriz Compounds & Shampoo,Rich Foam Shampoo - 20L Trade Pack,car shampoo 20 litre,Phrase,Enabled
ABK | Search | EN | Autotriz Compounds & Shampoo,Rich Foam Shampoo - 20L Trade Pack,foam cannon shampoo qatar,Phrase,Enabled
ABK | Search | EN | Autotriz Compounds & Shampoo,Rich Foam Shampoo - 20L Trade Pack,high foam car shampoo doha,Phrase,Enabled
ABK | Search | EN | Autotriz Compounds & Shampoo,Rich Foam Shampoo - 20L Trade Pack,ph neutral car shampoo qatar,Phrase,Enabled
ABK | Search | EN | Autotriz Compounds & Shampoo,Rich Foam Shampoo - 20L Trade Pack,detailing shampoo supplier doha,Phrase,Enabled
ABK | Search | EN | Autotriz Compounds & Shampoo,Rich Foam Shampoo - 20L Trade Pack,car shampoo for car wash business qatar,Phrase,Enabled
ABK | Search | EN | Autotriz Compounds & Shampoo,Rich Foam Shampoo - 20L Trade Pack,autotriz shampoo qatar,Phrase,Enabled
ABK | Search | EN | Autotriz Compounds & Shampoo,Rich Foam Shampoo - 20L Trade Pack,professional car shampoo qatar,Phrase,Enabled
ABK | Search | EN | Autotriz Compounds & Shampoo,Rich Foam Shampoo - 20L Trade Pack,shampoo for ceramic coated cars,Phrase,Enabled
ABK | Search | EN | Autotriz Compounds & Shampoo,Rich Foam Shampoo - 20L Trade Pack,ceramic coating safe shampoo,Phrase,Enabled
ABK | Search | EN | Autotriz Compounds & Shampoo,Rich Foam Shampoo - 20L Trade Pack,ppf safe car shampoo,Phrase,Enabled
ABK | Search | EN | Autotriz Compounds & Shampoo,Rich Foam Shampoo - 20L Trade Pack,coating maintenance shampoo,Phrase,Enabled
ABK | Search | EN | Autotriz Compounds & Shampoo,Rich Foam Shampoo - 20L Trade Pack,nano car shampoo qatar,Phrase,Enabled
ABK | Search | EN | Autotriz Compounds & Shampoo,Polishing Pads - GrunesAuto 6 Inch,polishing pads qatar,Phrase,Enabled
ABK | Search | EN | Autotriz Compounds & Shampoo,Polishing Pads - GrunesAuto 6 Inch,polishing pads doha,Phrase,Enabled
ABK | Search | EN | Autotriz Compounds & Shampoo,Polishing Pads - GrunesAuto 6 Inch,buy polishing pads qatar,Phrase,Enabled
ABK | Search | EN | Autotriz Compounds & Shampoo,Polishing Pads - GrunesAuto 6 Inch,da polishing pads,Phrase,Enabled
ABK | Search | EN | Autotriz Compounds & Shampoo,Polishing Pads - GrunesAuto 6 Inch,dual action polishing pads,Phrase,Enabled
ABK | Search | EN | Autotriz Compounds & Shampoo,Polishing Pads - GrunesAuto 6 Inch,6 inch cutting pad,Phrase,Enabled
ABK | Search | EN | Autotriz Compounds & Shampoo,Polishing Pads - GrunesAuto 6 Inch,6 inch polishing pad,Phrase,Enabled
ABK | Search | EN | Autotriz Compounds & Shampoo,Polishing Pads - GrunesAuto 6 Inch,rotary foam pad,Phrase,Enabled
ABK | Search | EN | Autotriz Compounds & Shampoo,Polishing Pads - GrunesAuto 6 Inch,foam polishing pads qatar,Phrase,Enabled
ABK | Search | EN | Autotriz Compounds & Shampoo,Polishing Pads - GrunesAuto 6 Inch,cutting pad for car polishing,Phrase,Enabled
ABK | Search | EN | Autotriz Compounds & Shampoo,Polishing Pads - GrunesAuto 6 Inch,finishing pad qatar,Phrase,Enabled
ABK | Search | EN | Autotriz Compounds & Shampoo,Polishing Pads - GrunesAuto 6 Inch,hook and loop polishing pad,Phrase,Enabled
ABK | Search | EN | Autotriz Compounds & Shampoo,Polishing Pads - GrunesAuto 6 Inch,150mm polishing pad,Phrase,Enabled
ABK | Search | EN | Autotriz Compounds & Shampoo,Polishing Pads - GrunesAuto 6 Inch,polishing pad supplier qatar,Phrase,Enabled
ABK | Search | EN | Autotriz Compounds & Shampoo,Polishing Pads - GrunesAuto 6 Inch,buy foam pads doha,Exact,Enabled
ABK | Search | AR | Autotriz Compounds & Shampoo,AR - Heavy Cut 901,autotriz heavy cut 901,Exact,Enabled
ABK | Search | AR | Autotriz Compounds & Shampoo,AR - Heavy Cut 901,مركب قطع ثقيل,Phrase,Enabled
ABK | Search | AR | Autotriz Compounds & Shampoo,AR - Heavy Cut 901,معجون تلميع سيارات,Phrase,Enabled
ABK | Search | AR | Autotriz Compounds & Shampoo,AR - Heavy Cut 901,معجون قطع للسيارات,Phrase,Enabled
ABK | Search | AR | Autotriz Compounds & Shampoo,AR - Heavy Cut 901,كمبوند قطع ثقيل,Phrase,Enabled
ABK | Search | AR | Autotriz Compounds & Shampoo,AR - Heavy Cut 901,معجون تلميع قطر,Phrase,Enabled
ABK | Search | AR | Autotriz Compounds & Shampoo,AR - Heavy Cut 901,شراء معجون تلميع,Phrase,Enabled
ABK | Search | AR | Autotriz Compounds & Shampoo,AR - Heavy Cut 901,مركب تلميع احترافي,Phrase,Enabled
ABK | Search | AR | Autotriz Compounds & Shampoo,AR - Heavy Cut 901,معجون ازالة الخدوش العميقة,Phrase,Enabled
ABK | Search | AR | Autotriz Compounds & Shampoo,AR - Heavy Cut 901,مزيل اثار السنفرة,Phrase,Enabled
ABK | Search | AR | Autotriz Compounds & Shampoo,AR - Heavy Cut 901,معجون تلميع بالجملة,Phrase,Enabled
ABK | Search | AR | Autotriz Compounds & Shampoo,AR - Heavy Cut 901,مورد معجون تلميع قطر,Phrase,Enabled
ABK | Search | AR | Autotriz Compounds & Shampoo,AR - Heavy Cut 901,كمبوند تلميع الدوحة,Phrase,Enabled
ABK | Search | AR | Autotriz Compounds & Shampoo,AR - Power Cut 701,autotriz power cut 701,Exact,Enabled
ABK | Search | AR | Autotriz Compounds & Shampoo,AR - Power Cut 701,معجون تلميع 4 لتر,Phrase,Enabled
ABK | Search | AR | Autotriz Compounds & Shampoo,AR - Power Cut 701,كمبوند بوليش,Phrase,Enabled
ABK | Search | AR | Autotriz Compounds & Shampoo,AR - Power Cut 701,معجون تلميع للورش,Phrase,Enabled
ABK | Search | AR | Autotriz Compounds & Shampoo,AR - Power Cut 701,بوليش قطع قوي,Phrase,Enabled
ABK | Search | AR | Autotriz Compounds & Shampoo,AR - Power Cut 701,معجون تلميع الدوحة,Phrase,Enabled
ABK | Search | AR | Autotriz Compounds & Shampoo,AR - Power Cut 701,شراء كمبوند سيارات,Phrase,Enabled
ABK | Search | AR | Autotriz Compounds & Shampoo,AR - Power Cut 701,مواد تلميع السيارات,Phrase,Enabled
ABK | Search | AR | Autotriz Compounds & Shampoo,AR - Power Cut 701,مستلزمات تلميع السيارات,Phrase,Enabled
ABK | Search | AR | Autotriz Compounds & Shampoo,AR - Power Cut 701,مورد مواد تلميع قطر,Phrase,Enabled
ABK | Search | AR | Autotriz Compounds & Shampoo,AR - Power Cut 701,معجون تلميع لورش السمكرة,Phrase,Enabled
ABK | Search | AR | Autotriz Compounds & Shampoo,AR - Ultimate Polish 302,autotriz ultimate polish 302,Exact,Enabled
ABK | Search | AR | Autotriz Compounds & Shampoo,AR - Ultimate Polish 302,ملمع نهائي للسيارات,Phrase,Enabled
ABK | Search | AR | Autotriz Compounds & Shampoo,AR - Ultimate Polish 302,بوليش لمعان نهائي,Phrase,Enabled
ABK | Search | AR | Autotriz Compounds & Shampoo,AR - Ultimate Polish 302,ملمع للسيارات الداكنة,Phrase,Enabled
ABK | Search | AR | Autotriz Compounds & Shampoo,AR - Ultimate Polish 302,بوليش للسيارات السوداء,Phrase,Enabled
ABK | Search | AR | Autotriz Compounds & Shampoo,AR - Ultimate Polish 302,ملمع سيارات جالون,Phrase,Enabled
ABK | Search | AR | Autotriz Compounds & Shampoo,AR - Ultimate Polish 302,بوليش خالي من الهالات,Phrase,Enabled
ABK | Search | AR | Autotriz Compounds & Shampoo,AR - Ultimate Polish 302,مواد تلميع لورش السمكرة,Phrase,Enabled
ABK | Search | AR | Autotriz Compounds & Shampoo,AR - Ultimate Polish 302,ملمع بمظهر رطب,Phrase,Enabled
ABK | Search | AR | Autotriz Compounds & Shampoo,AR - Ultimate Polish 302,شراء ملمع سيارات قطر,Phrase,Enabled
ABK | Search | AR | Autotriz Compounds & Shampoo,AR - Ultimate Polish 302,ملمع سيارات الدوحة,Phrase,Enabled
ABK | Search | AR | Autotriz Compounds & Shampoo,AR - Ultimate Polish 302,بوليش تشطيب نهائي,Phrase,Enabled
ABK | Search | AR | Autotriz Compounds & Shampoo,AR - One Step Finish,autotriz one step finish,Exact,Enabled
ABK | Search | AR | Autotriz Compounds & Shampoo,AR - One Step Finish,بوليش شامل للسيارات,Phrase,Enabled
ABK | Search | AR | Autotriz Compounds & Shampoo,AR - One Step Finish,معجون تلميع خطوة واحدة,Phrase,Enabled
ABK | Search | AR | Autotriz Compounds & Shampoo,AR - One Step Finish,بوليش 4 لتر,Phrase,Enabled
ABK | Search | AR | Autotriz Compounds & Shampoo,AR - One Step Finish,بوليش لماكينة التلميع,Phrase,Enabled
ABK | Search | AR | Autotriz Compounds & Shampoo,AR - One Step Finish,مواد ازالة خدوش السيارة,Phrase,Enabled
ABK | Search | AR | Autotriz Compounds & Shampoo,AR - One Step Finish,ملمع سيارات بالجملة,Phrase,Enabled
ABK | Search | AR | Autotriz Compounds & Shampoo,AR - Rich Foam Shampoo,autotriz rich foam shampoo,Exact,Enabled
ABK | Search | AR | Autotriz Compounds & Shampoo,AR - Rich Foam Shampoo,شامبو رغوي للسيارات,Phrase,Enabled
ABK | Search | AR | Autotriz Compounds & Shampoo,AR - Rich Foam Shampoo,سنو فوم للسيارات,Phrase,Enabled
ABK | Search | AR | Autotriz Compounds & Shampoo,AR - Rich Foam Shampoo,رغوة غسيل السيارات,Phrase,Enabled
ABK | Search | AR | Autotriz Compounds & Shampoo,AR - Rich Foam Shampoo,شامبو مغاسل السيارات,Phrase,Enabled
ABK | Search | AR | Autotriz Compounds & Shampoo,AR - Rich Foam Shampoo,شراء شامبو سيارات قطر,Phrase,Enabled
ABK | Search | AR | Autotriz Compounds & Shampoo,AR - Rich Foam Shampoo,شامبو فوم كانون,Phrase,Enabled
ABK | Search | AR | Autotriz Compounds & Shampoo,AR - Rich Foam Shampoo,شامبو سيارات متوازن الحموضة,Phrase,Enabled
ABK | Search | AR | Autotriz Compounds & Shampoo,AR - Rich Foam Shampoo,شامبو غسيل سيارات احترافي,Phrase,Enabled
ABK | Search | AR | Autotriz Compounds & Shampoo,AR - Rich Foam Shampoo,شامبو للسيارات المطلية بالسيراميك,Phrase,Enabled
ABK | Search | AR | Autotriz Compounds & Shampoo,AR - Rich Foam Shampoo,شامبو آمن للسيراميك,Phrase,Enabled
ABK | Search | AR | Autotriz Compounds & Shampoo,AR - Rich Foam Shampoo,شامبو لأفلام الحماية,Phrase,Enabled
ABK | Search | AR | Autotriz Compounds & Shampoo,AR - Rich Foam Shampoo,شامبو نانو للسيارات,Phrase,Enabled
ABK | Search | AR | Autotriz Compounds & Shampoo,AR - Polishing Pads,فوم بوليش,Phrase,Enabled
ABK | Search | AR | Autotriz Compounds & Shampoo,AR - Polishing Pads,اسفنج تلميع,Phrase,Enabled
ABK | Search | AR | Autotriz Compounds & Shampoo,AR - Polishing Pads,اسفنج تلميع السيارات,Phrase,Enabled
ABK | Search | AR | Autotriz Compounds & Shampoo,AR - Polishing Pads,وسادات تلميع,Phrase,Enabled
ABK | Search | AR | Autotriz Compounds & Shampoo,AR - Polishing Pads,وسادة تلميع فوم,Phrase,Enabled
ABK | Search | AR | Autotriz Compounds & Shampoo,AR - Polishing Pads,فوم تلميع السيارات,Phrase,Enabled
ABK | Search | AR | Autotriz Compounds & Shampoo,AR - Polishing Pads,اسفنج بوليشر,Phrase,Enabled
ABK | Search | AR | Autotriz Compounds & Shampoo,AR - Polishing Pads,فوم بوليشر 6 انش,Phrase,Enabled
ABK | Search | AR | Autotriz Compounds & Shampoo,AR - Polishing Pads,وسادة قص للسيارات,Phrase,Enabled
ABK | Search | AR | Autotriz Compounds & Shampoo,AR - Polishing Pads,اسفنج تلميع قطر,Phrase,Enabled
ABK | Search | AR | Autotriz Compounds & Shampoo,AR - Polishing Pads,شراء فوم تلميع,Phrase,Enabled
ABK | Search | AR | Autotriz Compounds & Shampoo,AR - Polishing Pads,فوم تلميع الدوحة,Phrase,Enabled
ABK | Search | AR | Autotriz Compounds & Shampoo,AR - Polishing Pads,اسفنج تلميع بالجملة,Phrase,Enabled
ABK | Search | EN | VTEK PPF & Window Film,VTEK Weather Armor ULTIMATE,vtek weather armor,Phrase,Enabled
ABK | Search | EN | VTEK PPF & Window Film,VTEK Weather Armor ULTIMATE,vertek paint protection film,Phrase,Enabled
ABK | Search | EN | VTEK PPF & Window Film,VTEK Weather Armor ULTIMATE,buy paint protection film qatar,Phrase,Enabled
ABK | Search | EN | VTEK PPF & Window Film,VTEK Weather Armor ULTIMATE,paint protection film roll,Phrase,Enabled
ABK | Search | EN | VTEK PPF & Window Film,VTEK Weather Armor ULTIMATE,ppf film roll qatar,Phrase,Enabled
ABK | Search | EN | VTEK PPF & Window Film,VTEK Weather Armor ULTIMATE,self healing ppf film,Phrase,Enabled
ABK | Search | EN | VTEK PPF & Window Film,VTEK Weather Armor ULTIMATE,polycarbonate ppf film,Phrase,Enabled
ABK | Search | EN | VTEK PPF & Window Film,VTEK Weather Armor ULTIMATE,where to buy ppf in qatar,Exact,Enabled
ABK | Search | EN | VTEK PPF & Window Film,VTEK Weather Armor ULTIMATE,vtek ppf qatar,Exact,Enabled
ABK | Search | EN | VTEK PPF & Window Film,VTEK Weather Armor PRO,paint protection film for sale qatar,Phrase,Enabled
ABK | Search | EN | VTEK PPF & Window Film,VTEK Weather Armor PRO,car paint protection film supplier,Phrase,Enabled
ABK | Search | EN | VTEK PPF & Window Film,VTEK Weather Armor PRO,ppf film supplier qatar,Phrase,Enabled
ABK | Search | EN | VTEK PPF & Window Film,VTEK Weather Armor PRO,buy ppf film doha,Phrase,Enabled
ABK | Search | EN | VTEK PPF & Window Film,VTEK Weather Armor PRO,ppf roll supplier doha,Phrase,Enabled
ABK | Search | EN | VTEK PPF & Window Film,VTEK Weather Armor PRO,gloss ppf film qatar,Phrase,Enabled
ABK | Search | EN | VTEK PPF & Window Film,VTEK Weather Armor PRO,ppf film cut to size,Phrase,Enabled
ABK | Search | EN | VTEK PPF & Window Film,VTEK Weather Armor PRO,vtek ppf pro,Phrase,Enabled
ABK | Search | EN | VTEK PPF & Window Film,VTEK Weather Armor PRO,weather armor pro,Phrase,Enabled
ABK | Search | EN | VTEK PPF & Window Film,VTEK Weather Armor PRO,7.5 mil ppf film,Phrase,Enabled
ABK | Search | EN | VTEK PPF & Window Film,VTEK Weather Armor PRO,aliphatic tpu ppf film,Phrase,Enabled
ABK | Search | EN | VTEK PPF & Window Film,VTEK Weather Armor PRO,clear bra film qatar,Phrase,Enabled
ABK | Search | EN | VTEK PPF & Window Film,VTEK Weather Armor PRO,ppf film shop doha,Exact,Enabled
ABK | Search | EN | VTEK PPF & Window Film,VTEK Weather Armor PRO,vertek ppf qatar,Exact,Enabled
ABK | Search | EN | VTEK PPF & Window Film,VTEK Weather Armor PRO,vertek ppf doha,Exact,Enabled
ABK | Search | EN | VTEK PPF & Window Film,VTEK Weather Armor MATTE,matte ppf film qatar,Phrase,Enabled
ABK | Search | EN | VTEK PPF & Window Film,VTEK Weather Armor MATTE,matte paint protection film,Phrase,Enabled
ABK | Search | EN | VTEK PPF & Window Film,VTEK Weather Armor MATTE,satin ppf film,Phrase,Enabled
ABK | Search | EN | VTEK PPF & Window Film,VTEK Weather Armor MATTE,matte finish ppf,Phrase,Enabled
ABK | Search | EN | VTEK PPF & Window Film,VTEK Weather Armor MATTE,vtek matte ppf,Phrase,Enabled
ABK | Search | EN | VTEK PPF & Window Film,VTEK Weather Armor MATTE,weather armor matte,Phrase,Enabled
ABK | Search | EN | VTEK PPF & Window Film,VTEK Weather Armor MATTE,buy matte ppf qatar,Phrase,Enabled
ABK | Search | EN | VTEK PPF & Window Film,VTEK Weather Armor MATTE,satin matte car film,Phrase,Enabled
ABK | Search | EN | VTEK PPF & Window Film,VTEK Weather Armor MATTE,matte ppf roll,Phrase,Enabled
ABK | Search | EN | VTEK PPF & Window Film,VTEK Weather Armor MATTE,matte protection film supplier,Phrase,Enabled
ABK | Search | EN | VTEK PPF & Window Film,VTEK Weather Armor MATTE,non reflective car film,Phrase,Enabled
ABK | Search | EN | VTEK PPF & Window Film,VTEK Weather Armor MATTE,vertek matte ppf,Phrase,Enabled
ABK | Search | EN | VTEK PPF & Window Film,VTEK Weather Armor MATTE,matte ppf doha,Exact,Enabled
ABK | Search | EN | VTEK PPF & Window Film,VTEK Weather Armor MATTE,matte ppf film supplier qatar,Exact,Enabled
ABK | Search | EN | VTEK PPF & Window Film,VTEK Weather Armor MATTE,satin matte ppf qatar,Exact,Enabled
ABK | Search | EN | VTEK PPF & Window Film,VTEK Weather Armor PRISM - Colour PPF,color ppf film,Phrase,Enabled
ABK | Search | EN | VTEK PPF & Window Film,VTEK Weather Armor PRISM - Colour PPF,colour ppf film,Phrase,Enabled
ABK | Search | EN | VTEK PPF & Window Film,VTEK Weather Armor PRISM - Colour PPF,coloured paint protection film,Phrase,Enabled
ABK | Search | EN | VTEK PPF & Window Film,VTEK Weather Armor PRISM - Colour PPF,color changing ppf,Phrase,Enabled
ABK | Search | EN | VTEK PPF & Window Film,VTEK Weather Armor PRISM - Colour PPF,nardo grey ppf,Phrase,Enabled
ABK | Search | EN | VTEK PPF & Window Film,VTEK Weather Armor PRISM - Colour PPF,gloss black ppf film,Phrase,Enabled
ABK | Search | EN | VTEK PPF & Window Film,VTEK Weather Armor PRISM - Colour PPF,pearl white ppf film,Phrase,Enabled
ABK | Search | EN | VTEK PPF & Window Film,VTEK Weather Armor PRISM - Colour PPF,metallic blue ppf,Phrase,Enabled
ABK | Search | EN | VTEK PPF & Window Film,VTEK Weather Armor PRISM - Colour PPF,satin metal ppf film,Phrase,Enabled
ABK | Search | EN | VTEK PPF & Window Film,VTEK Weather Armor PRISM - Colour PPF,vtek prism ppf,Phrase,Enabled
ABK | Search | EN | VTEK PPF & Window Film,VTEK Weather Armor PRISM - Colour PPF,weather armor prism,Phrase,Enabled
ABK | Search | EN | VTEK PPF & Window Film,VTEK Weather Armor PRISM - Colour PPF,color ppf supplier qatar,Phrase,Enabled
ABK | Search | EN | VTEK PPF & Window Film,VTEK Weather Armor PRISM - Colour PPF,buy color ppf qatar,Phrase,Enabled
ABK | Search | EN | VTEK PPF & Window Film,VTEK Weather Armor PRISM - Colour PPF,color ppf roll qatar,Exact,Enabled
ABK | Search | EN | VTEK PPF & Window Film,VTEK Weather Armor PRISM - Colour PPF,colour change film qatar,Exact,Enabled
ABK | Search | EN | VTEK PPF & Window Film,VTEK Solar Armor Window Film,buy window tint film qatar,Phrase,Enabled
ABK | Search | EN | VTEK PPF & Window Film,VTEK Solar Armor Window Film,window tint film roll,Phrase,Enabled
ABK | Search | EN | VTEK PPF & Window Film,VTEK Solar Armor Window Film,tint film supplier qatar,Phrase,Enabled
ABK | Search | EN | VTEK PPF & Window Film,VTEK Solar Armor Window Film,window film supplier doha,Phrase,Enabled
ABK | Search | EN | VTEK PPF & Window Film,VTEK Solar Armor Window Film,buy tint film doha,Phrase,Enabled
ABK | Search | EN | VTEK PPF & Window Film,VTEK Solar Armor Window Film,car window film supplier qatar,Phrase,Enabled
ABK | Search | EN | VTEK PPF & Window Film,VTEK Solar Armor Window Film,heat rejection window film qatar,Phrase,Enabled
ABK | Search | EN | VTEK PPF & Window Film,VTEK Solar Armor Window Film,uv window film for cars qatar,Phrase,Enabled
ABK | Search | EN | VTEK PPF & Window Film,VTEK Solar Armor Window Film,solar window film supplier qatar,Phrase,Enabled
ABK | Search | EN | VTEK PPF & Window Film,VTEK Solar Armor Window Film,nano ceramic window film qatar,Phrase,Enabled
ABK | Search | EN | VTEK PPF & Window Film,VTEK Solar Armor Window Film,window film cut to size qatar,Phrase,Enabled
ABK | Search | EN | VTEK PPF & Window Film,VTEK Solar Armor Window Film,vertek window tint,Phrase,Enabled
ABK | Search | EN | VTEK PPF & Window Film,VTEK Solar Armor Window Film,solar armor window film,Phrase,Enabled
ABK | Search | EN | VTEK PPF & Window Film,VTEK Solar Armor Window Film,window tint film rolls qatar,Exact,Enabled
ABK | Search | EN | VTEK PPF & Window Film,PPF & Tint Film Wholesale - Trade,ppf supplier qatar,Phrase,Enabled
ABK | Search | EN | VTEK PPF & Window Film,PPF & Tint Film Wholesale - Trade,paint protection film distributor,Phrase,Enabled
ABK | Search | EN | VTEK PPF & Window Film,PPF & Tint Film Wholesale - Trade,window film distributor qatar,Phrase,Enabled
ABK | Search | EN | VTEK PPF & Window Film,PPF & Tint Film Wholesale - Trade,tint film wholesale supplier,Phrase,Enabled
ABK | Search | EN | VTEK PPF & Window Film,PPF & Tint Film Wholesale - Trade,ppf film wholesale qatar,Phrase,Enabled
ABK | Search | EN | VTEK PPF & Window Film,PPF & Tint Film Wholesale - Trade,ppf roll wholesale,Phrase,Enabled
ABK | Search | EN | VTEK PPF & Window Film,PPF & Tint Film Wholesale - Trade,window film wholesale gcc,Phrase,Enabled
ABK | Search | EN | VTEK PPF & Window Film,PPF & Tint Film Wholesale - Trade,bulk ppf film supplier,Phrase,Enabled
ABK | Search | EN | VTEK PPF & Window Film,PPF & Tint Film Wholesale - Trade,paint protection film supplier gcc,Phrase,Enabled
ABK | Search | EN | VTEK PPF & Window Film,PPF & Tint Film Wholesale - Trade,ppf dealer program gcc,Phrase,Enabled
ABK | Search | EN | VTEK PPF & Window Film,PPF & Tint Film Wholesale - Trade,detailing shop film supplies qatar,Phrase,Enabled
ABK | Search | EN | VTEK PPF & Window Film,PPF & Tint Film Wholesale - Trade,ppf supplier for installers,Exact,Enabled
ABK | Search | EN | VTEK PPF & Window Film,PPF & Tint Film Wholesale - Trade,tint film supplier for shops,Exact,Enabled
ABK | Search | AR | VTEK PPF & Window Film,VTEK Weather Armor ULTIMATE - AR,vtek ppf,Phrase,Enabled
ABK | Search | AR | VTEK PPF & Window Film,VTEK Weather Armor ULTIMATE - AR,vtek weather armor,Phrase,Enabled
ABK | Search | AR | VTEK PPF & Window Film,VTEK Weather Armor ULTIMATE - AR,vertek ppf,Phrase,Enabled
ABK | Search | AR | VTEK PPF & Window Film,VTEK Weather Armor ULTIMATE - AR,فيلم حماية الطلاء,Phrase,Enabled
ABK | Search | AR | VTEK PPF & Window Film,VTEK Weather Armor ULTIMATE - AR,افلام حماية السيارات,Phrase,Enabled
ABK | Search | AR | VTEK PPF & Window Film,VTEK Weather Armor ULTIMATE - AR,فيلم حماية شفاف للسيارة,Phrase,Enabled
ABK | Search | AR | VTEK PPF & Window Film,VTEK Weather Armor ULTIMATE - AR,رولات فيلم حماية,Phrase,Enabled
ABK | Search | AR | VTEK PPF & Window Film,VTEK Weather Armor ULTIMATE - AR,شراء فيلم حماية الطلاء,Phrase,Enabled
ABK | Search | AR | VTEK PPF & Window Film,VTEK Weather Armor ULTIMATE - AR,فيلم حماية الطلاء قطر,Phrase,Enabled
ABK | Search | AR | VTEK PPF & Window Film,VTEK Weather Armor ULTIMATE - AR,فيلم حماية الطلاء الدوحة,Phrase,Enabled
ABK | Search | AR | VTEK PPF & Window Film,VTEK Weather Armor ULTIMATE - AR,افلام حماية ذاتية الاصلاح,Phrase,Enabled
ABK | Search | AR | VTEK PPF & Window Film,VTEK Weather Armor ULTIMATE - AR,بي بي اف,Exact,Enabled
ABK | Search | AR | VTEK PPF & Window Film,VTEK Weather Armor PRO - AR,vtek ppf pro,Phrase,Enabled
ABK | Search | AR | VTEK PPF & Window Film,VTEK Weather Armor PRO - AR,weather armor pro,Phrase,Enabled
ABK | Search | AR | VTEK PPF & Window Film,VTEK Weather Armor PRO - AR,فيلم حماية للسيارات لامع,Phrase,Enabled
ABK | Search | AR | VTEK PPF & Window Film,VTEK Weather Armor PRO - AR,فيلم حماية الطلاء لامع,Phrase,Enabled
ABK | Search | AR | VTEK PPF & Window Film,VTEK Weather Armor PRO - AR,شراء فيلم حماية للسيارة,Phrase,Enabled
ABK | Search | AR | VTEK PPF & Window Film,VTEK Weather Armor PRO - AR,مورد أفلام حماية الطلاء,Phrase,Enabled
ABK | Search | AR | VTEK PPF & Window Film,VTEK Weather Armor PRO - AR,فيلم حماية مقصوص,Phrase,Enabled
ABK | Search | AR | VTEK PPF & Window Film,VTEK Weather Armor PRO - AR,افلام حماية للسيارات بالدوحة,Phrase,Enabled
ABK | Search | AR | VTEK PPF & Window Film,VTEK Weather Armor PRO - AR,رول فيلم حماية للسيارات,Phrase,Enabled
ABK | Search | AR | VTEK PPF & Window Film,VTEK Weather Armor PRO - AR,فيلم حماية الطلاء الأصلي,Phrase,Enabled
ABK | Search | AR | VTEK PPF & Window Film,VTEK Weather Armor PRO - AR,أفلام حماية ضد الخدوش,Phrase,Enabled
ABK | Search | AR | VTEK PPF & Window Film,VTEK Weather Armor PRO - AR,فيلم حماية ذاتي الإصلاح,Phrase,Enabled
ABK | Search | AR | VTEK PPF & Window Film,VTEK Weather Armor PRO - AR,محل أفلام حماية الدوحة,Exact,Enabled
ABK | Search | AR | VTEK PPF & Window Film,VTEK Weather Armor PRO - AR,وين ألقى فيلم حماية بقطر,Exact,Enabled
ABK | Search | AR | VTEK PPF & Window Film,VTEK Weather Armor MATTE - AR,فيلم حماية مطفي,Phrase,Enabled
ABK | Search | AR | VTEK PPF & Window Film,VTEK Weather Armor MATTE - AR,افلام حماية مطفية,Phrase,Enabled
ABK | Search | AR | VTEK PPF & Window Film,VTEK Weather Armor MATTE - AR,فيلم مطفي للسيارات,Phrase,Enabled
ABK | Search | AR | VTEK PPF & Window Film,VTEK Weather Armor MATTE - AR,فيلم حماية ساتان,Phrase,Enabled
ABK | Search | AR | VTEK PPF & Window Film,VTEK Weather Armor MATTE - AR,رول فيلم مطفي,Phrase,Enabled
ABK | Search | AR | VTEK PPF & Window Film,VTEK Weather Armor MATTE - AR,شراء فيلم مطفي للسيارة,Phrase,Enabled
ABK | Search | AR | VTEK PPF & Window Film,VTEK Weather Armor MATTE - AR,فيلم حماية الطلاء مطفي,Phrase,Enabled
ABK | Search | AR | VTEK PPF & Window Film,VTEK Weather Armor MATTE - AR,مظهر مطفي للسيارة,Phrase,Enabled
ABK | Search | AR | VTEK PPF & Window Film,VTEK Weather Armor MATTE - AR,vtek matte ppf,Phrase,Enabled
ABK | Search | AR | VTEK PPF & Window Film,VTEK Weather Armor MATTE - AR,weather armor matte,Phrase,Enabled
ABK | Search | AR | VTEK PPF & Window Film,VTEK Weather Armor MATTE - AR,فيلم غير عاكس للسيارات,Phrase,Enabled
ABK | Search | AR | VTEK PPF & Window Film,VTEK Weather Armor MATTE - AR,مورد أفلام مطفية,Phrase,Enabled
ABK | Search | AR | VTEK PPF & Window Film,VTEK Weather Armor MATTE - AR,فيلم مطفي الدوحة,Exact,Enabled
ABK | Search | AR | VTEK PPF & Window Film,VTEK Weather Armor MATTE - AR,افلام حماية مطفية قطر,Exact,Enabled
ABK | Search | AR | VTEK PPF & Window Film,VTEK Weather Armor PRISM - AR,فيلم حماية ملون,Phrase,Enabled
ABK | Search | AR | VTEK PPF & Window Film,VTEK Weather Armor PRISM - AR,افلام حماية ملونة,Phrase,Enabled
ABK | Search | AR | VTEK PPF & Window Film,VTEK Weather Armor PRISM - AR,تغيير لون السيارة بالفيلم,Phrase,Enabled
ABK | Search | AR | VTEK PPF & Window Film,VTEK Weather Armor PRISM - AR,فيلم ملون للسيارات,Phrase,Enabled
ABK | Search | AR | VTEK PPF & Window Film,VTEK Weather Armor PRISM - AR,رمادي ناردو فيلم,Phrase,Enabled
ABK | Search | AR | VTEK PPF & Window Film,VTEK Weather Armor PRISM - AR,أسود بيانو لامع فيلم,Phrase,Enabled
ABK | Search | AR | VTEK PPF & Window Film,VTEK Weather Armor PRISM - AR,أبيض لؤلؤي فيلم سيارات,Phrase,Enabled
ABK | Search | AR | VTEK PPF & Window Film,VTEK Weather Armor PRISM - AR,أزرق معدني فيلم سيارات,Phrase,Enabled
ABK | Search | AR | VTEK PPF & Window Film,VTEK Weather Armor PRISM - AR,vtek prism ppf,Phrase,Enabled
ABK | Search | AR | VTEK PPF & Window Film,VTEK Weather Armor PRISM - AR,weather armor prism,Phrase,Enabled
ABK | Search | AR | VTEK PPF & Window Film,VTEK Weather Armor PRISM - AR,color ppf qatar,Phrase,Enabled
ABK | Search | AR | VTEK PPF & Window Film,VTEK Weather Armor PRISM - AR,مورد أفلام ملونة للسيارات,Phrase,Enabled
ABK | Search | AR | VTEK PPF & Window Film,VTEK Weather Armor PRISM - AR,فيلم ملون الدوحة,Exact,Enabled
ABK | Search | AR | VTEK PPF & Window Film,VTEK Weather Armor PRISM - AR,افلام تغيير لون السيارة قطر,Exact,Enabled
ABK | Search | AR | VTEK PPF & Window Film,VTEK Solar Armor - أفلام التظليل,رولات أفلام التظليل,Phrase,Enabled
ABK | Search | AR | VTEK PPF & Window Film,VTEK Solar Armor - أفلام التظليل,فيلم عازل حراري للسيارات,Phrase,Enabled
ABK | Search | AR | VTEK PPF & Window Film,VTEK Solar Armor - أفلام التظليل,افلام العزل الحراري,Phrase,Enabled
ABK | Search | AR | VTEK PPF & Window Film,VTEK Solar Armor - أفلام التظليل,فيلم حراري للسيارات,Phrase,Enabled
ABK | Search | AR | VTEK PPF & Window Film,VTEK Solar Armor - أفلام التظليل,رول عازل حراري,Phrase,Enabled
ABK | Search | AR | VTEK PPF & Window Film,VTEK Solar Armor - أفلام التظليل,شراء فيلم تظليل,Phrase,Enabled
ABK | Search | AR | VTEK PPF & Window Film,VTEK Solar Armor - أفلام التظليل,فيلم تظليل زجاج السيارات,Phrase,Enabled
ABK | Search | AR | VTEK PPF & Window Film,VTEK Solar Armor - أفلام التظليل,أفلام عزل حراري للزجاج,Phrase,Enabled
ABK | Search | AR | VTEK PPF & Window Film,VTEK Solar Armor - أفلام التظليل,فيلم تظليل نانو سيراميك,Phrase,Enabled
ABK | Search | AR | VTEK PPF & Window Film,VTEK Solar Armor - أفلام التظليل,مورد أفلام تظليل السيارات,Phrase,Enabled
ABK | Search | AR | VTEK PPF & Window Film,VTEK Solar Armor - أفلام التظليل,فيلم تظليل مقصوص,Phrase,Enabled
ABK | Search | AR | VTEK PPF & Window Film,VTEK Solar Armor - أفلام التظليل,أفلام VTEK للنوافذ,Phrase,Enabled
ABK | Search | AR | VTEK PPF & Window Film,VTEK Solar Armor - أفلام التظليل,vtek window tint,Phrase,Enabled
ABK | Search | AR | VTEK PPF & Window Film,VTEK Solar Armor - أفلام التظليل,solar armor tint,Phrase,Enabled
ABK | Search | AR | VTEK PPF & Window Film,الجملة والتوزيع - أفلام,أفلام حماية بالجملة,Phrase,Enabled
ABK | Search | AR | VTEK PPF & Window Film,الجملة والتوزيع - أفلام,أفلام تظليل بالجملة,Phrase,Enabled
ABK | Search | AR | VTEK PPF & Window Film,الجملة والتوزيع - أفلام,موزع أفلام حماية الطلاء,Phrase,Enabled
ABK | Search | AR | VTEK PPF & Window Film,الجملة والتوزيع - أفلام,مورد أفلام التظليل,Phrase,Enabled
ABK | Search | AR | VTEK PPF & Window Film,الجملة والتوزيع - أفلام,مورد أفلام العزل الحراري,Phrase,Enabled
ABK | Search | AR | VTEK PPF & Window Film,الجملة والتوزيع - أفلام,توريد أفلام للورش,Phrase,Enabled
ABK | Search | AR | VTEK PPF & Window Film,الجملة والتوزيع - أفلام,موزع معتمد أفلام حماية,Phrase,Enabled
ABK | Search | AR | VTEK PPF & Window Film,الجملة والتوزيع - أفلام,تجارة أفلام حماية السيارات,Phrase,Enabled
ABK | Search | AR | VTEK PPF & Window Film,الجملة والتوزيع - أفلام,مورد أفلام للسيارات بالجملة,Phrase,Enabled
ABK | Search | AR | VTEK PPF & Window Film,الجملة والتوزيع - أفلام,vtek distributor qatar,Phrase,Enabled
ABK | Search | AR | VTEK PPF & Window Film,الجملة والتوزيع - أفلام,vtek film distributor gcc,Phrase,Enabled
ABK | Search | AR | VTEK PPF & Window Film,الجملة والتوزيع - أفلام,vertek distributor qatar,Phrase,Enabled
ABK | Search | EN | Briller Wash Care Chemicals,EN Car Shampoo - Wash & Wax,car shampoo qatar,Phrase,Enabled
ABK | Search | EN | Briller Wash Care Chemicals,EN Car Shampoo - Wash & Wax,car shampoo doha,Phrase,Enabled
ABK | Search | EN | Briller Wash Care Chemicals,EN Car Shampoo - Wash & Wax,car wash shampoo qatar,Phrase,Enabled
ABK | Search | EN | Briller Wash Care Chemicals,EN Car Shampoo - Wash & Wax,car wash soap qatar,Phrase,Enabled
ABK | Search | EN | Briller Wash Care Chemicals,EN Car Shampoo - Wash & Wax,wash and wax shampoo,Phrase,Enabled
ABK | Search | EN | Briller Wash Care Chemicals,EN Car Shampoo - Wash & Wax,car shampoo with wax,Phrase,Enabled
ABK | Search | EN | Briller Wash Care Chemicals,EN Car Shampoo - Wash & Wax,car shampoo concentrate,Phrase,Enabled
ABK | Search | EN | Briller Wash Care Chemicals,EN Car Shampoo - Wash & Wax,ph neutral car shampoo,Phrase,Enabled
ABK | Search | EN | Briller Wash Care Chemicals,EN Car Shampoo - Wash & Wax,car shampoo supplier qatar,Phrase,Enabled
ABK | Search | EN | Briller Wash Care Chemicals,EN Car Shampoo - Wash & Wax,briller wash and wax,Exact,Enabled
ABK | Search | EN | Briller Wash Care Chemicals,EN Car Shampoo - Wash & Wax,briller car shampoo,Exact,Enabled
ABK | Search | EN | Briller Wash Care Chemicals,EN Car Shampoo - Wash & Wax,where to buy car shampoo in qatar,Exact,Enabled
ABK | Search | EN | Briller Wash Care Chemicals,EN Tyre Shine & Tyre Foam,tyre shine qatar,Phrase,Enabled
ABK | Search | EN | Briller Wash Care Chemicals,EN Tyre Shine & Tyre Foam,tire shine qatar,Phrase,Enabled
ABK | Search | EN | Briller Wash Care Chemicals,EN Tyre Shine & Tyre Foam,tyre shine spray doha,Phrase,Enabled
ABK | Search | EN | Briller Wash Care Chemicals,EN Tyre Shine & Tyre Foam,buy tyre shine qatar,Phrase,Enabled
ABK | Search | EN | Briller Wash Care Chemicals,EN Tyre Shine & Tyre Foam,tyre foam spray qatar,Phrase,Enabled
ABK | Search | EN | Briller Wash Care Chemicals,EN Tyre Shine & Tyre Foam,tyre foam qatar,Phrase,Enabled
ABK | Search | EN | Briller Wash Care Chemicals,EN Tyre Shine & Tyre Foam,tyre dressing qatar,Phrase,Enabled
ABK | Search | EN | Briller Wash Care Chemicals,EN Tyre Shine & Tyre Foam,tyre shine supplier qatar,Phrase,Enabled
ABK | Search | EN | Briller Wash Care Chemicals,EN Tyre Shine & Tyre Foam,bulk tyre shine qatar,Phrase,Enabled
ABK | Search | EN | Briller Wash Care Chemicals,EN Tyre Shine & Tyre Foam,tyre shine 20 litre,Phrase,Enabled
ABK | Search | EN | Briller Wash Care Chemicals,EN Tyre Shine & Tyre Foam,tire dressing doha,Phrase,Enabled
ABK | Search | EN | Briller Wash Care Chemicals,EN Tyre Shine & Tyre Foam,tyre cleaner spray qatar,Phrase,Enabled
ABK | Search | EN | Briller Wash Care Chemicals,EN Tyre Shine & Tyre Foam,black tyre shine spray,Phrase,Enabled
ABK | Search | EN | Briller Wash Care Chemicals,EN Tyre Shine & Tyre Foam,tyre shine for car wash,Phrase,Enabled
ABK | Search | EN | Briller Wash Care Chemicals,EN Tyre Shine & Tyre Foam,briller quick tyre shine,Exact,Enabled
ABK | Search | EN | Briller Wash Care Chemicals,EN Tyre Shine & Tyre Foam,smart car tyre foam,Exact,Enabled
ABK | Search | EN | Briller Wash Care Chemicals,EN Car Glass Cleaner,car glass cleaner qatar,Phrase,Enabled
ABK | Search | EN | Briller Wash Care Chemicals,EN Car Glass Cleaner,auto glass cleaner doha,Phrase,Enabled
ABK | Search | EN | Briller Wash Care Chemicals,EN Car Glass Cleaner,buy car glass cleaner qatar,Phrase,Enabled
ABK | Search | EN | Briller Wash Care Chemicals,EN Car Glass Cleaner,windshield cleaner spray qatar,Phrase,Enabled
ABK | Search | EN | Briller Wash Care Chemicals,EN Car Glass Cleaner,windscreen cleaner qatar,Phrase,Enabled
ABK | Search | EN | Briller Wash Care Chemicals,EN Car Glass Cleaner,streak free glass cleaner car,Phrase,Enabled
ABK | Search | EN | Briller Wash Care Chemicals,EN Car Glass Cleaner,car window cleaner qatar,Phrase,Enabled
ABK | Search | EN | Briller Wash Care Chemicals,EN Car Glass Cleaner,glass cleaner concentrate,Phrase,Enabled
ABK | Search | EN | Briller Wash Care Chemicals,EN Car Glass Cleaner,glass cleaner 20 litre,Phrase,Enabled
ABK | Search | EN | Briller Wash Care Chemicals,EN Car Glass Cleaner,bulk glass cleaner qatar,Phrase,Enabled
ABK | Search | EN | Briller Wash Care Chemicals,EN Car Glass Cleaner,glass cleaner supplier doha,Phrase,Enabled
ABK | Search | EN | Briller Wash Care Chemicals,EN Car Glass Cleaner,water spot remover glass car,Phrase,Enabled
ABK | Search | EN | Briller Wash Care Chemicals,EN Car Glass Cleaner,car glass cleaner for detailers,Phrase,Enabled
ABK | Search | EN | Briller Wash Care Chemicals,EN Car Glass Cleaner,briller glass cleaner,Exact,Enabled
ABK | Search | EN | Briller Wash Care Chemicals,EN Interior & Multipurpose Cleaner,car interior cleaner doha,Phrase,Enabled
ABK | Search | EN | Briller Wash Care Chemicals,EN Interior & Multipurpose Cleaner,buy car interior cleaner qatar,Phrase,Enabled
ABK | Search | EN | Briller Wash Care Chemicals,EN Interior & Multipurpose Cleaner,all purpose cleaner car qatar,Phrase,Enabled
ABK | Search | EN | Briller Wash Care Chemicals,EN Interior & Multipurpose Cleaner,multipurpose cleaner car qatar,Phrase,Enabled
ABK | Search | EN | Briller Wash Care Chemicals,EN Interior & Multipurpose Cleaner,apc car cleaner qatar,Phrase,Enabled
ABK | Search | EN | Briller Wash Care Chemicals,EN Interior & Multipurpose Cleaner,upholstery cleaner car doha,Phrase,Enabled
ABK | Search | EN | Briller Wash Care Chemicals,EN Interior & Multipurpose Cleaner,dashboard cleaner qatar,Phrase,Enabled
ABK | Search | EN | Briller Wash Care Chemicals,EN Interior & Multipurpose Cleaner,interior cleaner concentrate,Phrase,Enabled
ABK | Search | EN | Briller Wash Care Chemicals,EN Interior & Multipurpose Cleaner,car interior cleaner 20 litre,Phrase,Enabled
ABK | Search | EN | Briller Wash Care Chemicals,EN Interior & Multipurpose Cleaner,bulk interior cleaner qatar,Phrase,Enabled
ABK | Search | EN | Briller Wash Care Chemicals,EN Interior & Multipurpose Cleaner,car cleaning chemicals supplier qatar,Phrase,Enabled
ABK | Search | EN | Briller Wash Care Chemicals,EN Interior & Multipurpose Cleaner,foam cleaner car interior,Phrase,Enabled
ABK | Search | EN | Briller Wash Care Chemicals,EN Trim & Interior Dressing,car trim dressing qatar,Phrase,Enabled
ABK | Search | EN | Briller Wash Care Chemicals,EN Trim & Interior Dressing,trim dressing doha,Phrase,Enabled
ABK | Search | EN | Briller Wash Care Chemicals,EN Trim & Interior Dressing,interior dressing car qatar,Phrase,Enabled
ABK | Search | EN | Briller Wash Care Chemicals,EN Trim & Interior Dressing,vinyl dressing car qatar,Phrase,Enabled
ABK | Search | EN | Briller Wash Care Chemicals,EN Trim & Interior Dressing,plastic trim dressing qatar,Phrase,Enabled
ABK | Search | EN | Briller Wash Care Chemicals,EN Trim & Interior Dressing,engine bay dressing qatar,Phrase,Enabled
ABK | Search | EN | Briller Wash Care Chemicals,EN Trim & Interior Dressing,car dressing spray qatar,Phrase,Enabled
ABK | Search | EN | Briller Wash Care Chemicals,EN Trim & Interior Dressing,all in one dressing car,Phrase,Enabled
ABK | Search | EN | Briller Wash Care Chemicals,EN Trim & Interior Dressing,dressing concentrate car,Phrase,Enabled
ABK | Search | EN | Briller Wash Care Chemicals,EN Trim & Interior Dressing,buy car dressing qatar,Phrase,Enabled
ABK | Search | EN | Briller Wash Care Chemicals,EN Trim & Interior Dressing,bulk car dressing qatar,Phrase,Enabled
ABK | Search | EN | Briller Wash Care Chemicals,EN Trim & Interior Dressing,car dressing supplier qatar,Phrase,Enabled
ABK | Search | EN | Briller Wash Care Chemicals,EN Trim & Interior Dressing,dashboard shine spray qatar,Phrase,Enabled
ABK | Search | EN | Briller Wash Care Chemicals,EN Trim & Interior Dressing,briller quick dressing,Exact,Enabled
ABK | Search | EN | Briller Wash Care Chemicals,EN Heavy Duty Degreaser,heavy duty degreaser qatar,Phrase,Enabled
ABK | Search | EN | Briller Wash Care Chemicals,EN Heavy Duty Degreaser,degreaser qatar,Phrase,Enabled
ABK | Search | EN | Briller Wash Care Chemicals,EN Heavy Duty Degreaser,degreaser doha,Phrase,Enabled
ABK | Search | EN | Briller Wash Care Chemicals,EN Heavy Duty Degreaser,buy degreaser qatar,Phrase,Enabled
ABK | Search | EN | Briller Wash Care Chemicals,EN Heavy Duty Degreaser,engine degreaser qatar,Phrase,Enabled
ABK | Search | EN | Briller Wash Care Chemicals,EN Heavy Duty Degreaser,engine degreaser 20l,Phrase,Enabled
ABK | Search | EN | Briller Wash Care Chemicals,EN Heavy Duty Degreaser,degreaser 20 litre,Phrase,Enabled
ABK | Search | EN | Briller Wash Care Chemicals,EN Heavy Duty Degreaser,bulk degreaser qatar,Phrase,Enabled
ABK | Search | EN | Briller Wash Care Chemicals,EN Heavy Duty Degreaser,degreaser supplier doha,Phrase,Enabled
ABK | Search | EN | Briller Wash Care Chemicals,EN Heavy Duty Degreaser,degreaser supplier qatar,Phrase,Enabled
ABK | Search | EN | Briller Wash Care Chemicals,EN Heavy Duty Degreaser,industrial degreaser qatar,Phrase,Enabled
ABK | Search | EN | Briller Wash Care Chemicals,EN Heavy Duty Degreaser,grease remover for cars,Phrase,Enabled
ABK | Search | EN | Briller Wash Care Chemicals,EN Heavy Duty Degreaser,engine bay cleaner qatar,Phrase,Enabled
ABK | Search | EN | Briller Wash Care Chemicals,EN Heavy Duty Degreaser,degreaser concentrate,Phrase,Enabled
ABK | Search | EN | Briller Wash Care Chemicals,EN Heavy Duty Degreaser,briller heavy duty degreaser,Exact,Enabled
ABK | Search | EN | Briller Wash Care Chemicals,EN Heavy Duty Degreaser,briller degreaser,Exact,Enabled
ABK | Search | EN | Briller Wash Care Chemicals,EN Alloy Wheel & Rim Cleaner,wheel cleaner qatar,Phrase,Enabled
ABK | Search | EN | Briller Wash Care Chemicals,EN Alloy Wheel & Rim Cleaner,wheel cleaner doha,Phrase,Enabled
ABK | Search | EN | Briller Wash Care Chemicals,EN Alloy Wheel & Rim Cleaner,alloy wheel cleaner qatar,Phrase,Enabled
ABK | Search | EN | Briller Wash Care Chemicals,EN Alloy Wheel & Rim Cleaner,buy wheel cleaner qatar,Phrase,Enabled
ABK | Search | EN | Briller Wash Care Chemicals,EN Alloy Wheel & Rim Cleaner,rim cleaner qatar,Phrase,Enabled
ABK | Search | EN | Briller Wash Care Chemicals,EN Alloy Wheel & Rim Cleaner,rim cleaner supplier,Phrase,Enabled
ABK | Search | EN | Briller Wash Care Chemicals,EN Alloy Wheel & Rim Cleaner,wheel cleaner 20l,Phrase,Enabled
ABK | Search | EN | Briller Wash Care Chemicals,EN Alloy Wheel & Rim Cleaner,wheel cleaner 20 litre,Phrase,Enabled
ABK | Search | EN | Briller Wash Care Chemicals,EN Alloy Wheel & Rim Cleaner,non acid wheel cleaner,Phrase,Enabled
ABK | Search | EN | Briller Wash Care Chemicals,EN Alloy Wheel & Rim Cleaner,non caustic wheel cleaner,Phrase,Enabled
ABK | Search | EN | Briller Wash Care Chemicals,EN Alloy Wheel & Rim Cleaner,bulk wheel cleaner qatar,Phrase,Enabled
ABK | Search | EN | Briller Wash Care Chemicals,EN Alloy Wheel & Rim Cleaner,wheel cleaner supplier qatar,Phrase,Enabled
ABK | Search | EN | Briller Wash Care Chemicals,EN Alloy Wheel & Rim Cleaner,chrome wheel cleaner qatar,Phrase,Enabled
ABK | Search | EN | Briller Wash Care Chemicals,EN Alloy Wheel & Rim Cleaner,brake dust remover qatar,Phrase,Enabled
ABK | Search | EN | Briller Wash Care Chemicals,EN Alloy Wheel & Rim Cleaner,autotriz hyper wheel cleaner,Exact,Enabled
ABK | Search | EN | Briller Wash Care Chemicals,EN Alloy Wheel & Rim Cleaner,autotriz wheel cleaner,Exact,Enabled
ABK | Search | AR | Briller Wash Care Chemicals,AR Car Shampoo - Wash & Wax,شامبو سيارات,Phrase,Enabled
ABK | Search | AR | Briller Wash Care Chemicals,AR Car Shampoo - Wash & Wax,شامبو غسيل السيارات,Phrase,Enabled
ABK | Search | AR | Briller Wash Care Chemicals,AR Car Shampoo - Wash & Wax,شامبو سيارات قطر,Phrase,Enabled
ABK | Search | AR | Briller Wash Care Chemicals,AR Car Shampoo - Wash & Wax,شامبو سيارات الدوحة,Phrase,Enabled
ABK | Search | AR | Briller Wash Care Chemicals,AR Car Shampoo - Wash & Wax,شامبو وشمع,Phrase,Enabled
ABK | Search | AR | Briller Wash Care Chemicals,AR Car Shampoo - Wash & Wax,شامبو فوم,Phrase,Enabled
ABK | Search | AR | Briller Wash Care Chemicals,AR Car Shampoo - Wash & Wax,سنو فوم,Phrase,Enabled
ABK | Search | AR | Briller Wash Care Chemicals,AR Car Shampoo - Wash & Wax,briller wash and wax,Exact,Enabled
ABK | Search | AR | Briller Wash Care Chemicals,AR Tyre Shine & Tyre Foam,ملمع كفرات,Phrase,Enabled
ABK | Search | AR | Briller Wash Care Chemicals,AR Tyre Shine & Tyre Foam,بخاخ ملمع كفرات,Phrase,Enabled
ABK | Search | AR | Briller Wash Care Chemicals,AR Tyre Shine & Tyre Foam,ملمع كفرات رغوة,Phrase,Enabled
ABK | Search | AR | Briller Wash Care Chemicals,AR Tyre Shine & Tyre Foam,ملمع كفرات قطر,Phrase,Enabled
ABK | Search | AR | Briller Wash Care Chemicals,AR Tyre Shine & Tyre Foam,ملمع كفرات اسود,Phrase,Enabled
ABK | Search | AR | Briller Wash Care Chemicals,AR Tyre Shine & Tyre Foam,ملمع كفرات بالجملة,Phrase,Enabled
ABK | Search | AR | Briller Wash Care Chemicals,AR Tyre Shine & Tyre Foam,منظف كفرات,Phrase,Enabled
ABK | Search | AR | Briller Wash Care Chemicals,AR Tyre Shine & Tyre Foam,رغوة كفرات,Phrase,Enabled
ABK | Search | AR | Briller Wash Care Chemicals,AR Tyre Shine & Tyre Foam,ملمع اطارات,Phrase,Enabled
ABK | Search | AR | Briller Wash Care Chemicals,AR Tyre Shine & Tyre Foam,ملمع اطارات السيارات,Phrase,Enabled
ABK | Search | AR | Briller Wash Care Chemicals,AR Tyre Shine & Tyre Foam,ملمع اطارات قطر,Phrase,Enabled
ABK | Search | AR | Briller Wash Care Chemicals,AR Tyre Shine & Tyre Foam,ملمع اطارات 20 لتر,Phrase,Enabled
ABK | Search | AR | Briller Wash Care Chemicals,AR Tyre Shine & Tyre Foam,بخاخ رغوة الاطارات,Phrase,Enabled
ABK | Search | AR | Briller Wash Care Chemicals,AR Tyre Shine & Tyre Foam,منظف اطارات السيارة,Phrase,Enabled
ABK | Search | AR | Briller Wash Care Chemicals,AR Tyre Shine & Tyre Foam,smart car tyre foam,Exact,Enabled
ABK | Search | AR | Briller Wash Care Chemicals,AR Tyre Shine & Tyre Foam,briller tyre shine,Exact,Enabled
ABK | Search | AR | Briller Wash Care Chemicals,AR Car Glass Cleaner,منظف زجاج السيارات,Phrase,Enabled
ABK | Search | AR | Briller Wash Care Chemicals,AR Car Glass Cleaner,منظف زجاج السيارة,Phrase,Enabled
ABK | Search | AR | Briller Wash Care Chemicals,AR Car Glass Cleaner,ملمع زجاج السيارة,Phrase,Enabled
ABK | Search | AR | Briller Wash Care Chemicals,AR Car Glass Cleaner,منظف زجاج بدون اثار,Phrase,Enabled
ABK | Search | AR | Briller Wash Care Chemicals,AR Car Glass Cleaner,منظف زجاج بدون خطوط,Phrase,Enabled
ABK | Search | AR | Briller Wash Care Chemicals,AR Car Glass Cleaner,مزيل بقع الماء من الزجاج,Phrase,Enabled
ABK | Search | AR | Briller Wash Care Chemicals,AR Car Glass Cleaner,منظف زجاج قطر,Phrase,Enabled
ABK | Search | AR | Briller Wash Care Chemicals,AR Car Glass Cleaner,منظف زجاج سيارات بالجملة,Phrase,Enabled
ABK | Search | AR | Briller Wash Care Chemicals,AR Car Glass Cleaner,منظف زجاج 20 لتر,Phrase,Enabled
ABK | Search | AR | Briller Wash Care Chemicals,AR Car Glass Cleaner,بخاخ منظف زجاج السيارات,Phrase,Enabled
ABK | Search | AR | Briller Wash Care Chemicals,AR Car Glass Cleaner,منظف الزجاج الامامي للسيارة,Phrase,Enabled
ABK | Search | AR | Briller Wash Care Chemicals,AR Car Glass Cleaner,منظف زجاج للمغاسل,Phrase,Enabled
ABK | Search | AR | Briller Wash Care Chemicals,AR Car Glass Cleaner,briller glass cleaner,Exact,Enabled
ABK | Search | AR | Briller Wash Care Chemicals,AR Interior & Multipurpose Cleaner,منظف متعدد الاغراض للسيارات,Phrase,Enabled
ABK | Search | AR | Briller Wash Care Chemicals,AR Interior & Multipurpose Cleaner,منظف داخلية السيارة قطر,Phrase,Enabled
ABK | Search | AR | Briller Wash Care Chemicals,AR Interior & Multipurpose Cleaner,منظف فرش السيارة,Phrase,Enabled
ABK | Search | AR | Briller Wash Care Chemicals,AR Interior & Multipurpose Cleaner,منظف رغوي للسيارات,Phrase,Enabled
ABK | Search | AR | Briller Wash Care Chemicals,AR Interior & Multipurpose Cleaner,منظف داخلي 20 لتر,Phrase,Enabled
ABK | Search | AR | Briller Wash Care Chemicals,AR Interior & Multipurpose Cleaner,مواد تنظيف داخلية السيارات,Phrase,Enabled
ABK | Search | AR | Briller Wash Care Chemicals,AR Interior & Multipurpose Cleaner,منظف مقاعد سيارات مركز,Phrase,Enabled
ABK | Search | AR | Briller Wash Care Chemicals,AR Trim & Interior Dressing,ملمع داخلية السيارة,Phrase,Enabled
ABK | Search | AR | Briller Wash Care Chemicals,AR Trim & Interior Dressing,ملمع بلاستيك السيارة,Phrase,Enabled
ABK | Search | AR | Briller Wash Care Chemicals,AR Trim & Interior Dressing,ملمع طبلون,Phrase,Enabled
ABK | Search | AR | Briller Wash Care Chemicals,AR Trim & Interior Dressing,بخاخ ملمع الطبلون,Phrase,Enabled
ABK | Search | AR | Briller Wash Care Chemicals,AR Trim & Interior Dressing,ملمع محرك السيارة,Phrase,Enabled
ABK | Search | AR | Briller Wash Care Chemicals,AR Trim & Interior Dressing,ملمع فينيل السيارة,Phrase,Enabled
ABK | Search | AR | Briller Wash Care Chemicals,AR Trim & Interior Dressing,ملمع سيارات داخلي,Phrase,Enabled
ABK | Search | AR | Briller Wash Care Chemicals,AR Trim & Interior Dressing,ملمع اجزاء السيارة الداخلية,Phrase,Enabled
ABK | Search | AR | Briller Wash Care Chemicals,AR Trim & Interior Dressing,ملمع مطاط وبلاستيك السيارة,Phrase,Enabled
ABK | Search | AR | Briller Wash Care Chemicals,AR Trim & Interior Dressing,ملمع سريع للسيارات,Phrase,Enabled
ABK | Search | AR | Briller Wash Care Chemicals,AR Trim & Interior Dressing,ملمع داخلية 20 لتر,Phrase,Enabled
ABK | Search | AR | Briller Wash Care Chemicals,AR Trim & Interior Dressing,ملمع للمغاسل,Phrase,Enabled
ABK | Search | AR | Briller Wash Care Chemicals,AR Trim & Interior Dressing,briller quick dressing,Exact,Enabled
ABK | Search | AR | Briller Wash Care Chemicals,AR Heavy Duty Degreaser,مزيل شحوم,Phrase,Enabled
ABK | Search | AR | Briller Wash Care Chemicals,AR Heavy Duty Degreaser,مزيل الشحوم للسيارات,Phrase,Enabled
ABK | Search | AR | Briller Wash Care Chemicals,AR Heavy Duty Degreaser,منظف دهون,Phrase,Enabled
ABK | Search | AR | Briller Wash Care Chemicals,AR Heavy Duty Degreaser,منظف دهون السيارات,Phrase,Enabled
ABK | Search | AR | Briller Wash Care Chemicals,AR Heavy Duty Degreaser,منظف محركات,Phrase,Enabled
ABK | Search | AR | Briller Wash Care Chemicals,AR Heavy Duty Degreaser,منظف محركات بالجملة,Phrase,Enabled
ABK | Search | AR | Briller Wash Care Chemicals,AR Heavy Duty Degreaser,منظف محرك السيارة,Phrase,Enabled
ABK | Search | AR | Briller Wash Care Chemicals,AR Heavy Duty Degreaser,مزيل الزيوت والشحوم,Phrase,Enabled
ABK | Search | AR | Briller Wash Care Chemicals,AR Heavy Duty Degreaser,منظف شحوم قطر,Phrase,Enabled
ABK | Search | AR | Briller Wash Care Chemicals,AR Heavy Duty Degreaser,مزيل شحوم بالجملة,Phrase,Enabled
ABK | Search | AR | Briller Wash Care Chemicals,AR Heavy Duty Degreaser,مزيل شحوم 20 لتر,Phrase,Enabled
ABK | Search | AR | Briller Wash Care Chemicals,AR Heavy Duty Degreaser,منظف دهون للمغاسل,Phrase,Enabled
ABK | Search | AR | Briller Wash Care Chemicals,AR Heavy Duty Degreaser,مزيل الصدأ والشحوم,Phrase,Enabled
ABK | Search | AR | Briller Wash Care Chemicals,AR Heavy Duty Degreaser,منظف شحوم صناعي,Phrase,Enabled
ABK | Search | AR | Briller Wash Care Chemicals,AR Heavy Duty Degreaser,briller heavy duty degreaser,Exact,Enabled
ABK | Search | AR | Briller Wash Care Chemicals,AR Alloy Wheel & Rim Cleaner,منظف جنوط,Phrase,Enabled
ABK | Search | AR | Briller Wash Care Chemicals,AR Alloy Wheel & Rim Cleaner,منظف جنوط السيارات,Phrase,Enabled
ABK | Search | AR | Briller Wash Care Chemicals,AR Alloy Wheel & Rim Cleaner,منظف جنوط قطر,Phrase,Enabled
ABK | Search | AR | Briller Wash Care Chemicals,AR Alloy Wheel & Rim Cleaner,منظف رنجات,Phrase,Enabled
ABK | Search | AR | Briller Wash Care Chemicals,AR Alloy Wheel & Rim Cleaner,ملمع جنوط,Phrase,Enabled
ABK | Search | AR | Briller Wash Care Chemicals,AR Alloy Wheel & Rim Cleaner,منظف عجلات السيارة,Phrase,Enabled
ABK | Search | AR | Briller Wash Care Chemicals,AR Alloy Wheel & Rim Cleaner,منظف عجلات قطر,Phrase,Enabled
ABK | Search | AR | Briller Wash Care Chemicals,AR Alloy Wheel & Rim Cleaner,منظف جنوط بالجملة,Phrase,Enabled
ABK | Search | AR | Briller Wash Care Chemicals,AR Alloy Wheel & Rim Cleaner,منظف جنوط 20 لتر,Phrase,Enabled
ABK | Search | AR | Briller Wash Care Chemicals,AR Alloy Wheel & Rim Cleaner,منظف جنوط الالمنيوم,Phrase,Enabled
ABK | Search | AR | Briller Wash Care Chemicals,AR Alloy Wheel & Rim Cleaner,منظف جنوط غير حمضي,Phrase,Enabled
ABK | Search | AR | Briller Wash Care Chemicals,AR Alloy Wheel & Rim Cleaner,مزيل غبار الفرامل,Phrase,Enabled
ABK | Search | AR | Briller Wash Care Chemicals,AR Alloy Wheel & Rim Cleaner,منظف جنوط للمغاسل,Phrase,Enabled
ABK | Search | AR | Briller Wash Care Chemicals,AR Alloy Wheel & Rim Cleaner,autotriz hyper wheel cleaner,Exact,Enabled
